scenario_id,status,selected_nodes,time_seconds,estimated_delay_seconds,estimated_energy_joules,estimated_cost,feasible,reason,selected_features,selected_resources,topology_id
small_devices_vr_5_0,FAILED,,0.006544951997057069,,,,False,Requested features not provided,,,9baad6e2-c21e-4362-bb07-c622f79fb5cf
small_devices_vr_5_1,FAILED,,0.005890139000257477,,,,False,Requested features not provided,,,d0ef8636-3b40-4b27-b758-a535c11b0274
small_devices_vr_5_2,FAILED,,0.006155805996968411,,,,False,Requested features not provided,,,a993e574-482a-45dd-9fc4-3f5038214b5e
small_devices_vr_5_3,FAILED,,0.006133310998848174,,,,False,Requested features not provided,,,45bf98e0-14b6-47ee-8ca9-854651e9922a
small_devices_vr_5_4,FAILED,,0.0062393609987339005,,,,False,Requested features not provided,,,e3a7b086-b3bf-4cd8-b6e8-b4bbd15b2d61
small_devices_vr_5_5,FAILED,,0.006087359004595783,,,,False,Requested features not provided,,,495b94a2-efaf-4442-91f8-515224532196
small_devices_vr_5_6,FAILED,,0.006080209001083858,,,,False,Requested features not provided,,,8947dea5-266b-4b79-96c8-2132ac9d441b
small_devices_vr_5_7,FAILED,,0.005960923001111951,,,,False,Requested features not provided,,,1a289916-2824-48c5-bb94-c6254749ea2f
small_devices_vr_5_8,FAILED,,0.005993743005092256,,,,False,Requested features not provided,,,6d1af783-cdae-460b-9788-14a752a89d4d
small_devices_vr_5_9,FAILED,,0.00597053200181108,,,,False,Requested features not provided,,,32dd52c3-6ee7-4a59-9be8-467dd6f6c5c1
small_devices_vr_5_10,FAILED,,0.006069506998755969,,,,False,Requested features not provided,,,1251e2b9-a6d0-49eb-b973-5a03f9a46be1
small_devices_vr_5_11,FAILED,,0.005990828001813497,,,,False,Requested features not provided,,,9abdd12d-dca6-4aac-8a34-38f79a49a6a8
small_devices_vr_5_12,FAILED,,0.006008543001371436,,,,False,Requested features not provided,,,74bf8757-5b5a-40d9-8583-59f6d598ad9b
small_devices_vr_5_13,FAILED,,0.0061216740068630315,,,,False,Requested features not provided,,,a95861e8-01c0-4c8d-b0dd-95ac5b711dfc
small_devices_vr_5_14,FAILED,,0.006021266999596264,,,,False,Requested features not provided,,,7e56c78d-3b50-4489-b70f-656997adf0e9
small_devices_vr_5_15,FAILED,,0.00599234599940246,,,,False,Requested features not provided,,,8b94e4e1-2cbe-477e-81ca-7f9fcc957ecf
small_devices_vr_5_16,FAILED,,0.005954552005277947,,,,False,Requested features not provided,,,f2f2a46b-5438-4d7c-8e78-97abe8144000
small_devices_vr_5_17,FAILED,,0.0058674479951150715,,,,False,Requested features not provided,,,b7ecc0ce-5436-4afa-ace8-27b33e08af24
small_devices_vr_5_18,FAILED,,0.005848221997439396,,,,False,Requested features not provided,,,d281e0c7-1db0-42dc-ba0c-c9d9b96a202e
small_devices_vr_5_19,FAILED,,0.005832386996189598,,,,False,Requested features not provided,,,967de1da-546b-4dd1-b28c-65cb82a42768
small_devices_vr_5_20,FAILED,,0.006026458999258466,,,,False,Requested features not provided,,,e70876ec-1cd3-460c-aab6-b1655f46095f
small_devices_vr_5_21,FAILED,,0.005941866998909973,,,,False,Requested features not provided,,,2670b97c-b4e9-44d6-a248-56c6ac76855f
small_devices_vr_5_22,FAILED,,0.006033686004229821,,,,False,Requested features not provided,,,dc9d1b8e-56e0-43e3-ae59-b7302debad1e
small_devices_vr_5_23,FAILED,,0.00591366699518403,,,,False,Requested features not provided,,,e7ab683d-597e-4739-94a5-4d3dde1af7f3
small_devices_vr_5_24,FAILED,,0.005844773004355375,,,,False,Requested features not provided,,,2a256135-1b32-431f-8188-9cef218dc24d
small_devices_vr_5_25,FAILED,,0.005965684998955112,,,,False,Requested features not provided,,,28edd6a1-16cb-46f5-a2bd-9a8dd60e16c0
small_devices_vr_5_26,FAILED,,0.005902375996811315,,,,False,Requested features not provided,,,f963f129-0f96-440b-a4b7-1757f1246e22
small_devices_vr_5_27,FAILED,,0.005822877996251918,,,,False,Requested features not provided,,,0282c570-50f9-49fc-a7fb-defe566b9bba
small_devices_vr_5_28,FAILED,,0.005921980999119114,,,,False,Requested features not provided,,,3a3edba9-bb2c-4638-a0da-6766dc26e4cd
small_devices_vr_5_29,FAILED,,0.006219372000487056,,,,False,Requested features not provided,,,77ba0536-f77e-40ef-a987-eb0cc14ab9d8
small_devices_vr_5_30,FAILED,,0.006204984994838014,,,,False,Requested features not provided,,,29c2477e-511f-4d9a-b174-e99912397043
small_devices_vr_5_31,FAILED,,0.006202422999194823,,,,False,Requested features not provided,,,81976e71-68ac-45b7-8442-e14e3d6d4687
small_devices_vr_5_32,FAILED,,0.006628117000218481,,,,False,Requested features not provided,,,a258d014-1869-4e3d-9fc2-9e7e9d7d9ef3
small_devices_vr_5_33,FAILED,,0.005777399004728068,,,,False,Requested features not provided,,,c0df1995-176f-4209-b7d9-1245963b8ea2
small_devices_vr_5_34,FAILED,,0.006004914997902233,,,,False,Requested features not provided,,,f4fec7a3-83b7-420f-864d-7d36e06a190f
small_devices_vr_5_35,FAILED,,0.0063706410001032054,,,,False,Requested features not provided,,,ceeb99fd-7868-46d1-8f1b-3cd7dfc1c565
small_devices_vr_5_36,FAILED,,0.006565748997672927,,,,False,Requested features not provided,,,4904aee0-9802-44f9-ac9b-24b9346cf7ac
small_devices_vr_5_37,FAILED,,0.006788257996959146,,,,False,Requested features not provided,,,1b13246b-d78c-48cf-aa0b-b4d1e2c1f312
small_devices_vr_5_38,FAILED,,0.0064015570023912005,,,,False,Requested features not provided,,,1cadaccb-78b5-423f-ab1e-c43243e4e4b5
small_devices_vr_5_39,FAILED,,0.006076185003621504,,,,False,Requested features not provided,,,cd91e023-7887-4d7a-8ab4-0540950c170c
small_devices_vr_5_40,FAILED,,0.0061538039954029955,,,,False,Requested features not provided,,,41b4342e-85a8-4dcb-a797-8a394d7bc6c1
small_devices_vr_5_41,FAILED,,0.006111871000030078,,,,False,Requested features not provided,,,f01f93ef-0fe4-4bf0-8c12-fec860c1669d
small_devices_vr_5_42,FAILED,,0.0061129550012992695,,,,False,Requested features not provided,,,04ee16ea-4099-4a07-b1c9-491a37adf065
small_devices_vr_5_43,FAILED,,0.006049418996553868,,,,False,Requested features not provided,,,ef6de3cf-b713-4c16-9cbb-4bbc0ca15a2f
small_devices_vr_5_44,FAILED,,0.0058775770012289286,,,,False,Requested features not provided,,,50d91bbb-01fe-4854-a57d-5746c38ad053
small_devices_vr_5_45,FAILED,,0.0060964479998801835,,,,False,Requested features not provided,,,80215cb7-7ffb-431a-b77b-7245010dc4bb
small_devices_vr_5_46,FAILED,,0.005994327999360394,,,,False,Requested features not provided,,,dcf501cc-46f6-4969-8f5c-77d32fafbe3b
small_devices_vr_5_47,FAILED,,0.006048333998478483,,,,False,Requested features not provided,,,fb9eb536-f083-4041-9474-1b556fff6352
small_devices_vr_5_48,FAILED,,0.006384275999153033,,,,False,Requested features not provided,,,e7ab60ea-1809-4fb8-9524-f3749754824f
small_devices_vr_5_49,FAILED,,0.006774332003260497,,,,False,Requested features not provided,,,5e0c0230-942a-490b-bdab-081a54bd1ff7
small_devices_vr_5_50,FAILED,,0.006658335994870868,,,,False,Requested features not provided,,,918a570e-bb4c-4eda-a88c-572e3ffb5184
small_devices_vr_5_51,FAILED,,0.006609754003875423,,,,False,Requested features not provided,,,d37e1659-9205-4cb6-ab0e-4e594d9fac26
small_devices_vr_5_52,FAILED,,0.006476993999967817,,,,False,Requested features not provided,,,49d98218-eba3-472a-81e3-6946ad94814c
small_devices_vr_5_53,FAILED,,0.006467500999860931,,,,False,Requested features not provided,,,41144001-1d4b-460c-9a79-2ecf1a847f22
small_devices_vr_5_54,FAILED,,0.006623674998991191,,,,False,Requested features not provided,,,dfb8a419-fec2-4114-bc9a-4364921a9f59
small_devices_vr_5_55,FAILED,,0.006593757003429346,,,,False,Requested features not provided,,,59d965b0-ef41-4537-9951-cd790df98c11
small_devices_vr_5_56,FAILED,,0.006579000997589901,,,,False,Requested features not provided,,,d0e3fb3e-c9a1-434b-8595-6b9de97d6fec
small_devices_vr_5_57,FAILED,,0.006998017997830175,,,,False,Requested features not provided,,,99e6f934-977d-4fcd-9670-89b182786c46
small_devices_vr_5_58,FAILED,,0.006890940996527206,,,,False,Requested features not provided,,,06d1a60c-52ea-4c2b-9cd6-058cb62e4c0e
small_devices_vr_5_59,FAILED,,0.006964414002140984,,,,False,Requested features not provided,,,d6faa683-78bb-490e-8d3f-785ab107b443
small_devices_vr_5_60,FAILED,,0.0069188259949442,,,,False,Requested features not provided,,,e4394d9a-0c87-4433-8371-1afac3bdb677
small_devices_vr_5_61,FAILED,,0.0066150050042779185,,,,False,Requested features not provided,,,58d782e5-a316-4f2a-9f6a-7c42098c5635
small_devices_vr_5_62,FAILED,,0.006840829999418929,,,,False,Requested features not provided,,,e348bbfe-6116-4371-851c-1dabc70b076d
small_devices_vr_5_63,FAILED,,0.006605383001442533,,,,False,Requested features not provided,,,c20a2919-43e0-4288-be50-40273d7aa281
small_devices_vr_5_64,FAILED,,0.006558031003805809,,,,False,Requested features not provided,,,2b43bc33-546a-4a4c-b6b2-004658ed087f
small_devices_vr_5_65,FAILED,,0.006533454004966188,,,,False,Requested features not provided,,,5f6ab3ad-0b99-4fe1-8345-8f85317fee37
small_devices_vr_5_66,FAILED,,0.006516854002256878,,,,False,Requested features not provided,,,6dcaef6e-73e1-40d5-b2e4-a03ea155b9dc
small_devices_vr_5_67,FAILED,,0.006715948999044485,,,,False,Requested features not provided,,,b0257803-9333-4669-86bf-86ff7181f319
small_devices_vr_5_68,FAILED,,0.006805839999287855,,,,False,Requested features not provided,,,d8f4a6f8-ce7e-4898-9b6f-80504551ac02
small_devices_vr_5_69,FAILED,,0.006618721003178507,,,,False,Requested features not provided,,,285eb2b3-a1c6-4a89-9acf-51ef955065fb
small_devices_vr_5_70,FAILED,,0.006488562998129055,,,,False,Requested features not provided,,,c876f1a2-54c9-4dae-a3b6-d0d11e2ad7f8
small_devices_vr_5_71,FAILED,,0.0064146020013140514,,,,False,Requested features not provided,,,9ebb7f26-d14e-424e-8e1b-2b9e67cdcb61
small_devices_vr_5_72,FAILED,,0.006987015003687702,,,,False,Requested features not provided,,,0542d255-2c54-41a5-b724-5203edc4b6f6
small_devices_vr_5_73,FAILED,,0.006487578997621313,,,,False,Requested features not provided,,,6b046576-a7c5-4c28-96cb-4d7823d1ace6
small_devices_vr_5_74,FAILED,,0.006287187999987509,,,,False,Requested features not provided,,,ac436887-a139-4297-807b-22ebf1f1f9a3
small_devices_vr_5_75,FAILED,,0.00641419600287918,,,,False,Requested features not provided,,,be994ec0-2024-4be6-a67e-239480a5875b
small_devices_vr_5_76,FAILED,,0.006347729999106377,,,,False,Requested features not provided,,,da8f7419-e621-411e-b3fc-7fd7390f3c0b
small_devices_vr_5_77,FAILED,,0.006251803002669476,,,,False,Requested features not provided,,,a0fee98a-54ea-4438-8502-4a2cf13f2ecb
small_devices_vr_5_78,FAILED,,0.006401592996553518,,,,False,Requested features not provided,,,c8c9ae38-d107-46bd-9d4f-d16f3eabac76
small_devices_vr_5_79,FAILED,,0.006507493999379221,,,,False,Requested features not provided,,,b560d2c4-669e-46e5-a635-b94f650ebeee
small_devices_vr_5_80,FAILED,,0.006467081999289803,,,,False,Requested features not provided,,,0c307486-f61f-4d5d-91a6-bb4d01a4224a
small_devices_vr_5_81,FAILED,,0.00644229900353821,,,,False,Requested features not provided,,,3eb91dcf-8255-4dcf-965c-3ec57c39e712
small_devices_vr_5_82,FAILED,,0.006362918000377249,,,,False,Requested features not provided,,,e4271b4f-07ef-4f00-8dad-455ced021eb9
small_devices_vr_5_83,FAILED,,0.006465785998443607,,,,False,Requested features not provided,,,db494a9c-201f-4c17-9021-e5f71207bf89
small_devices_vr_5_84,FAILED,,0.006582552996405866,,,,False,Requested features not provided,,,35a8ea5d-e888-4a37-aeba-947a5a26532e
small_devices_vr_5_85,FAILED,,0.006391424001776613,,,,False,Requested features not provided,,,8535e146-7722-4978-8a7b-338c7aeba384
small_devices_vr_5_86,FAILED,,0.006247962999623269,,,,False,Requested features not provided,,,05cc7e2c-7b1b-4c2f-896e-8ef2abe674db
small_devices_vr_5_87,FAILED,,0.006301722998614423,,,,False,Requested features not provided,,,6f827372-1fbf-4549-a1ec-55f5ab716f1f
small_devices_vr_5_88,FAILED,,0.006502938995254226,,,,False,Requested features not provided,,,8a4843c8-778a-45fa-83cf-61566fc2032d
small_devices_vr_5_89,FAILED,,0.006361233005009126,,,,False,Requested features not provided,,,c87ce3eb-e0d5-4a95-a848-ceb2efaae830
small_devices_vr_5_90,FAILED,,0.0063797100010560825,,,,False,Requested features not provided,,,35d8f58f-ccd7-4576-9c73-8f3542c71563
small_devices_vr_5_91,FAILED,,0.006182129000080749,,,,False,Requested features not provided,,,3555fcda-0765-4481-b083-f2e217d8cd04
small_devices_vr_5_92,FAILED,,0.006520852002722677,,,,False,Requested features not provided,,,afc2f145-44d8-4df1-b4ec-7d0c4618fef8
small_devices_vr_5_93,FAILED,,0.006505892000859603,,,,False,Requested features not provided,,,9f0cc931-ec89-447c-9407-5389135c3658
small_devices_vr_5_94,FAILED,,0.006466400001954753,,,,False,Requested features not provided,,,18688378-e470-4f12-ac0b-31598509cd6d
small_devices_vr_5_95,FAILED,,0.006217945003299974,,,,False,Requested features not provided,,,5c0f8f36-447e-45e1-84d3-5bf0e0d96ed3
small_devices_vr_5_96,FAILED,,0.006214907996763941,,,,False,Requested features not provided,,,4206a143-d2b4-493a-89dd-89a3c5198d02
small_devices_vr_5_97,FAILED,,0.006320574997516815,,,,False,Requested features not provided,,,3552feaf-65a8-4cae-83ef-c7c8c2b2134a
small_devices_vr_5_98,FAILED,,0.006508279999252409,,,,False,Requested features not provided,,,fe5bb662-8b3d-4ba3-a600-8f6a8dab63e8
small_devices_vr_5_99,FAILED,,0.006326139999146108,,,,False,Requested features not provided,,,d66c4430-cc7c-49d2-843e-83328fdf798b
small_devices_vr_10_0,FAILED,,0.00743278200388886,,,,False,Requested features not provided,,,65496616-f920-442b-b10b-d8b36bd5c7f8
small_devices_vr_10_1,FAILED,,0.005314056004863232,,,,False,Combination violates rules,,,d7ef98c9-1185-46bb-a13a-cfec98022c99
small_devices_vr_10_2,FAILED,,0.005548922003072221,,,,False,Combination violates rules,,,9936d052-7182-48a0-a0a6-20cd26ebdcda
small_devices_vr_10_3,FAILED,,0.005701485002646223,,,,False,Requested features not provided,,,e4d3a646-49c2-4dea-8b32-794bedadf3f2
small_devices_vr_10_4,FAILED,,0.005800023005576804,,,,False,Requested features not provided,,,e2bb5c43-2c8e-479c-bf4a-f73675f18f74
small_devices_vr_10_5,FAILED,,0.005766567999671679,,,,False,Requested features not provided,,,7d6c0e37-658a-4965-9bec-d204dbb67e54
small_devices_vr_10_6,FAILED,,0.012414425000315532,,,,False,Combination violates rules,,,19341f87-9447-4151-ac3d-9267fb2ebc3e
small_devices_vr_10_7,FAILED,,0.006412986003851984,,,,False,Requested features not provided,,,452b8ee7-8d0b-4192-92b1-16ea4f718e16
small_devices_vr_10_8,FAILED,,0.006443051002861466,,,,False,Requested features not provided,,,43346bed-2e54-4ac0-a7e0-1f0917725a17
small_devices_vr_10_9,FAILED,,0.0063839040012680925,,,,False,Combination violates rules,,,f78e85ab-ea62-400b-bc76-76e5427a8e5b
small_devices_vr_10_10,FAILED,,0.006264796000323258,,,,False,Requested features not provided,,,0e55653d-2442-49bd-aee1-275b8d97bf3b
small_devices_vr_10_11,FAILED,,0.0062406209981418215,,,,False,Combination violates rules,,,9cade668-3466-4205-94a7-ef7fba0fc4a4
small_devices_vr_10_12,FAILED,,0.006367419999151025,,,,False,Requested features not provided,,,4726521c-00a5-4959-882a-f99da02a1fe1
small_devices_vr_10_13,FAILED,,0.006334088997391518,,,,False,Requested features not provided,,,427b9793-4e9f-4226-b2ac-d65e523c1b37
small_devices_vr_10_14,FAILED,,0.006349256997054908,,,,False,Requested features not provided,,,9f0f0ead-10ad-4b8d-9cae-ec1ce92437d6
small_devices_vr_10_15,FAILED,,0.0063198499992722645,,,,False,Requested features not provided,,,726c2fc0-4c87-4e0f-a2f7-522c74b21c4e
small_devices_vr_10_16,FAILED,,0.006224689001101069,,,,False,Requested features not provided,,,35d21aae-44f5-40a1-9c1d-766bb07cf2bf
small_devices_vr_10_17,FAILED,,0.006202810000104364,,,,False,Requested features not provided,,,e26ec9c6-1c3d-4559-a1c2-3882a1730b12
small_devices_vr_10_18,FAILED,,0.006231975996342953,,,,False,Combination violates rules,,,2e3cf93b-fbb7-4d5c-bda5-274cc5d2297f
small_devices_vr_10_19,FAILED,,0.005999237997457385,,,,False,Combination violates rules,,,ca5210cc-196d-4c62-91c0-b980fe2ae669
small_devices_vr_10_20,FAILED,,0.00627635300043039,,,,False,Combination violates rules,,,26be65f5-5417-4c17-92ef-170c932065a0
small_devices_vr_10_21,FAILED,,0.006144500999653246,,,,False,Requested features not provided,,,73ab1b7e-a856-405f-ae1f-bcc371c33e0f
small_devices_vr_10_22,FAILED,,0.0060629290019278415,,,,False,Combination violates rules,,,66672b2b-5c35-4fcb-a89a-83951bee133c
small_devices_vr_10_23,FAILED,,0.006225623001228087,,,,False,Combination violates rules,,,e574a96c-4067-4bd8-bf54-c3fa3bba9429
small_devices_vr_10_24,FAILED,,0.006182566998177208,,,,False,Requested features not provided,,,58ab2a77-8315-4538-9de0-de684576e384
small_devices_vr_10_25,FAILED,,0.006188606996147428,,,,False,Combination violates rules,,,4c9d75f2-d9fc-4529-a5fe-0f95b4be33ce
small_devices_vr_10_26,FAILED,,0.006153574002382811,,,,False,Combination violates rules,,,646985dc-0d48-4974-b11e-6a02be1112a7
small_devices_vr_10_27,FAILED,,0.006202967997523956,,,,False,Combination violates rules,,,a647ecf1-0ab4-4ae4-8ad0-c1fac69f96ae
small_devices_vr_10_28,FAILED,,0.006306447998213116,,,,False,Requested features not provided,,,f492129d-e4d1-4c95-a9ed-d3b28dc6751e
small_devices_vr_10_29,FAILED,,0.006187890001456253,,,,False,Requested features not provided,,,19ea345e-dbb9-4a8e-9c36-955a6ca72456
small_devices_vr_10_30,FAILED,,0.006250853002711665,,,,False,Combination violates rules,,,5ac8634a-cb25-481f-ab2e-cec7e7f1ea47
small_devices_vr_10_31,FAILED,,0.006361425002978649,,,,False,Requested features not provided,,,91afff90-df2e-4624-a9a7-d723dff4936c
small_devices_vr_10_32,FAILED,,0.006298353997408412,,,,False,Combination violates rules,,,74b93f37-d5bd-4a63-a609-e92a0cf68d35
small_devices_vr_10_33,FAILED,,0.006403414998203516,,,,False,Combination violates rules,,,70bee3cc-604f-4ddd-a5d0-7f65d0fac861
small_devices_vr_10_34,FAILED,,0.006442039004468825,,,,False,Combination violates rules,,,5c8dabc4-c984-4616-b246-60cb5f6f419f
small_devices_vr_10_35,FAILED,,0.005791042000055313,,,,False,Requested features not provided,,,7f747e1c-1a3e-4f1e-a67e-57112ecf5757
small_devices_vr_10_36,FAILED,,0.005854402996192221,,,,False,Requested features not provided,,,d377507c-b230-4ea5-acd9-346ff3927dfb
small_devices_vr_10_37,FAILED,,0.006283083996095229,,,,False,Combination violates rules,,,a085639d-c784-4c5a-8ad0-8c8514eab85c
small_devices_vr_10_38,FAILED,,0.006523741998535115,,,,False,Requested features not provided,,,0ab9a475-6ae4-49ab-a3f3-0f9d74ff14b4
small_devices_vr_10_39,FAILED,,0.006567144002474379,,,,False,Requested features not provided,,,1a158a66-782d-4746-aa48-56d621f76d9c
small_devices_vr_10_40,FAILED,,0.006502994998299982,,,,False,Requested features not provided,,,fc5be694-c155-466a-84b8-be303172ef77
small_devices_vr_10_41,FAILED,,0.006673388998024166,,,,False,Combination violates rules,,,0c4ddb45-0923-48db-874e-df197c035937
small_devices_vr_10_42,FAILED,,0.006595503997232299,,,,False,Combination violates rules,,,b73b4bc9-a476-4b0f-844d-ebbd6ff9747d
small_devices_vr_10_43,FAILED,,0.0067272300002514385,,,,False,Requested features not provided,,,0b3c92a7-77ac-420d-b4d9-7348c3670ab9
small_devices_vr_10_44,FAILED,,0.006642514999839477,,,,False,Requested features not provided,,,30b0a7a7-1c5a-4d4b-8dda-b04bc6584134
small_devices_vr_10_45,FAILED,,0.006922849999682512,,,,False,Combination violates rules,,,93d365b2-8ff3-4a3c-9b97-1d972f00a703
small_devices_vr_10_46,FAILED,,0.006699492994812317,,,,False,Requested features not provided,,,f00666b3-0f43-4b0f-9327-0205229934b7
small_devices_vr_10_47,FAILED,,0.006780091003747657,,,,False,Requested features not provided,,,55e767cb-0453-43f5-a41e-313d225e0ce1
small_devices_vr_10_48,FAILED,,0.006666004002909176,,,,False,Requested features not provided,,,c519017a-8aa8-450b-a175-0fff064e4ce8
small_devices_vr_10_49,FAILED,,0.007917670001916122,,,,False,Combination violates rules,,,e1daf57a-072e-4f53-b32f-3fced2bae83d
small_devices_vr_10_50,FAILED,,0.006678714002191555,,,,False,Requested features not provided,,,eec24043-edf6-4813-bbe7-0a6f89bfc0d4
small_devices_vr_10_51,FAILED,,0.00682844399852911,,,,False,Combination violates rules,,,294509c5-2862-4965-ba9f-7f08d313a51a
small_devices_vr_10_52,FAILED,,0.006692719995044172,,,,False,Combination violates rules,,,8417195f-2c69-4a8b-a41d-aa322e0ab0f5
small_devices_vr_10_53,FAILED,,0.006636996004090179,,,,False,Combination violates rules,,,bfdb132c-7649-458d-af46-9fa91d2d694a
small_devices_vr_10_54,FAILED,,0.006504334000055678,,,,False,Requested features not provided,,,1d48ce1b-d876-4d3d-b88c-9679c133340c
small_devices_vr_10_55,FAILED,,0.006633110002439935,,,,False,Requested features not provided,,,6285ad65-6d05-4f56-b531-fc01c0b36124
small_devices_vr_10_56,FAILED,,0.006562550996022765,,,,False,Requested features not provided,,,0506c63e-7019-48dc-893f-68d066b3433c
small_devices_vr_10_57,FAILED,,0.0065719709964469075,,,,False,Requested features not provided,,,d653b429-85b8-4ced-8d36-16173f409d78
small_devices_vr_10_58,FAILED,,0.006550746002176311,,,,False,Requested features not provided,,,bda01b55-a567-4418-b1bc-06d3b46d10c8
small_devices_vr_10_59,FAILED,,0.0064662399963708594,,,,False,Requested features not provided,,,6169b903-1aab-4552-8bdf-c4780a7be3cf
small_devices_vr_10_60,FAILED,,0.0066023899998981506,,,,False,Combination violates rules,,,e26db384-69b9-4466-9b61-4b1778ca46e1
small_devices_vr_10_61,FAILED,,0.00672683899756521,,,,False,Requested features not provided,,,5e3e5f10-b0d2-417f-9a76-5f2ac2cac673
small_devices_vr_10_62,FAILED,,0.006638913000642788,,,,False,Requested features not provided,,,ca13c68f-5d7b-41c7-a01e-cb33c3f091a6
small_devices_vr_10_63,FAILED,,0.0075675769985537045,,,,False,Requested features not provided,,,22d4cee1-a10b-408c-9bf9-f0c962964b39
small_devices_vr_10_64,FAILED,,0.006618696999794338,,,,False,Requested features not provided,,,348c159f-682e-48bc-b813-013bbae0e663
small_devices_vr_10_65,FAILED,,0.006601070002943743,,,,False,Requested features not provided,,,1a1e883a-1606-4aac-8388-4d7383874873
small_devices_vr_10_66,FAILED,,0.0067315740016056225,,,,False,Requested features not provided,,,d4cfb342-8472-4171-887f-7aaa34a6aaca
small_devices_vr_10_67,FAILED,,0.006694559997413307,,,,False,Requested features not provided,,,b7d024b6-9b1c-4fe1-8716-1ad03ea804dc
small_devices_vr_10_68,FAILED,,0.006707983004162088,,,,False,Requested features not provided,,,20bcaeb1-8b1b-4212-ab05-6cca8b26ca9c
small_devices_vr_10_69,FAILED,,0.006641690997639671,,,,False,Combination violates rules,,,289d95dc-d3fe-424d-827b-f89f29e5b034
small_devices_vr_10_70,FAILED,,0.006669144000625238,,,,False,Combination violates rules,,,2c94aec7-9e5c-4a12-822c-3af832d0a77c
small_devices_vr_10_71,FAILED,,0.006787924998207018,,,,False,Combination violates rules,,,46767aab-e2b5-49f7-8556-2fad5b7ec317
small_devices_vr_10_72,FAILED,,0.006560164998518303,,,,False,Combination violates rules,,,80b71362-c213-4d6b-a886-6c86ad88f55f
small_devices_vr_10_73,FAILED,,0.006882128996949177,,,,False,Requested features not provided,,,3cc5cf32-2db0-4bdf-8a0f-ca28619ddd50
small_devices_vr_10_74,FAILED,,0.00674526999500813,,,,False,Requested features not provided,,,6fc777c2-767c-4b99-ab8e-f4d4c309da7c
small_devices_vr_10_75,FAILED,,0.00678197099477984,,,,False,Combination violates rules,,,aea578a0-3f70-47fa-9e68-32f8c76ac335
small_devices_vr_10_76,FAILED,,0.006492592001450248,,,,False,Requested features not provided,,,ebdae089-2df4-4353-8a8b-dbf1004308d8
small_devices_vr_10_77,FAILED,,0.006704116996843368,,,,False,Combination violates rules,,,8e35a3d0-f3f6-4e9b-91b9-f789883dd25a
small_devices_vr_10_78,FAILED,,0.00664221600163728,,,,False,Requested features not provided,,,d3986782-dfa4-4774-8445-69a62e75a6e6
small_devices_vr_10_79,FAILED,,0.006694388997857459,,,,False,Combination violates rules,,,38614c71-8f43-4ec5-aa4e-a3d36f8b1922
small_devices_vr_10_80,FAILED,,0.006661744999291841,,,,False,Requested features not provided,,,10274abf-619c-41bc-9839-2a4cfe288ae9
small_devices_vr_10_81,FAILED,,0.0068088260013610125,,,,False,Combination violates rules,,,2ef24ed3-e74b-44f0-bddb-23cc06fdf3b2
small_devices_vr_10_82,FAILED,,0.0065264750010101125,,,,False,Requested features not provided,,,4a94746a-cea8-4d39-8da5-8fde717ba024
small_devices_vr_10_83,FAILED,,0.006605229005799629,,,,False,Requested features not provided,,,4c416164-fd71-47fd-9464-0be7c7ba323b
small_devices_vr_10_84,FAILED,,0.006523089003167115,,,,False,Requested features not provided,,,5f52e2ac-c1f8-4671-8917-9c6237993745
small_devices_vr_10_85,FAILED,,0.006540469003084581,,,,False,Requested features not provided,,,a11cdce6-fb8c-4a62-8cee-5468460b3791
small_devices_vr_10_86,FAILED,,0.0067725620028795674,,,,False,Requested features not provided,,,514b7a03-eb97-4249-8c7b-965961a5e97e
small_devices_vr_10_87,FAILED,,0.006843953000498004,,,,False,Requested features not provided,,,5f8d4f9a-d978-47df-ae3a-460268b4e7d8
small_devices_vr_10_88,FAILED,,0.006750111002475023,,,,False,Combination violates rules,,,d5cf0803-28db-4d20-95cc-aeb027fda7e9
small_devices_vr_10_89,FAILED,,0.006838803004939109,,,,False,Combination violates rules,,,90023c17-74c7-4619-8831-76acc2e34de3
small_devices_vr_10_90,FAILED,,0.006667355999525171,,,,False,Requested features not provided,,,0e4ee81f-f040-4acc-8e00-5069b0c1e018
small_devices_vr_10_91,FAILED,,0.006623039997066371,,,,False,Combination violates rules,,,e23c82cc-14ac-4bb0-97ed-21381a9d4068
small_devices_vr_10_92,FAILED,,0.006603506000828929,,,,False,Requested features not provided,,,0ee4a79e-7bec-40f7-9a14-187b8e36ec78
small_devices_vr_10_93,FAILED,,0.00993412800016813,,,,False,Combination violates rules,,,914abf57-09ce-4482-9c60-e654e2db0819
small_devices_vr_10_94,FAILED,,0.006274363993725274,,,,False,Requested features not provided,,,8844d025-3673-49c9-9974-60813959295d
small_devices_vr_10_95,FAILED,,0.006881344001158141,,,,False,Requested features not provided,,,36aebbf3-2dbb-4215-83c4-9bbf6ac0ad97
small_devices_vr_10_96,FAILED,,0.006936985999345779,,,,False,Combination violates rules,,,8afdf1d4-ff4d-48dd-897d-a20b99fae9a8
small_devices_vr_10_97,FAILED,,0.006094193995522801,,,,False,Requested features not provided,,,18c22569-c6fd-4cd0-b6d4-a43944060ea3
small_devices_vr_10_98,FAILED,,0.00668133600265719,,,,False,Requested features not provided,,,d4e32504-b91d-42a5-abad-3b6a8bcff028
small_devices_vr_10_99,FAILED,,0.0066544519941089675,,,,False,Requested features not provided,,,990008c9-4106-4840-912f-750e08bdfc8a
small_devices_vr_20_0,FAILED,,0.007461968001734931,,,,False,Requested features not provided,,,3fe5f04f-e3ef-495b-adab-aee5f5164f6c
small_devices_vr_20_1,FAILED,,0.007453354002791457,,,,False,Combination violates rules,,,fd7c4df2-94d0-42e1-beb1-23e71ece19c4
small_devices_vr_20_2,FAILED,,0.007431457001075614,,,,False,Requested features not provided,,,544ad81c-0fd0-481f-9d41-beb359756b78
small_devices_vr_20_3,FAILED,,0.007495917998312507,,,,False,Combination violates rules,,,c2354a8d-30af-40aa-8a27-62c348333e13
small_devices_vr_20_4,FAILED,,0.007586550003907178,,,,False,Combination violates rules,,,84f4a801-3cdf-46ef-a81d-25b0506c4bee
small_devices_vr_20_5,FAILED,,0.007400711998343468,,,,False,Combination violates rules,,,64c84030-4caa-492d-9839-99abac9b67dc
small_devices_vr_20_6,FAILED,,0.007774359997711144,,,,False,Combination violates rules,,,5c5d3e44-3b4c-4f71-9f54-5478269dee89
small_devices_vr_20_7,FAILED,,0.0074962680009775795,,,,False,Combination violates rules,,,8d8e8e67-4319-4fc4-b014-8f9ae27b841a
small_devices_vr_20_8,FAILED,,0.0072243930044351146,,,,False,Not sufficient Resources,,,c2c729a1-ff5d-4c63-9c60-8252ec45925c
small_devices_vr_20_9,FAILED,,0.007314626993320417,,,,False,Requested features not provided,,,c19da309-8423-4d51-b0e2-1d3a01822a0e
small_devices_vr_20_10,FAILED,,0.007378352005616762,,,,False,Combination violates rules,,,e5b5b472-a6e9-4a49-bea0-1c60b57d3b30
small_devices_vr_20_11,FAILED,,0.00728992900258163,,,,False,Combination violates rules,,,94c491c8-5807-465f-a0c8-2abd533737d4
small_devices_vr_20_12,FAILED,,0.007325960999878589,,,,False,Combination violates rules,,,5b85fc6a-a12e-47e3-994e-c38c6479a7c8
small_devices_vr_20_13,FAILED,,0.007335727001191117,,,,False,Not sufficient Resources,,,fca65bb8-1e50-4ad8-9658-b3b7d08d9a8d
small_devices_vr_20_14,FAILED,,0.007472646000678651,,,,False,Combination violates rules,,,0be15c64-23e6-436f-9a80-c57d774103d4
small_devices_vr_20_15,FAILED,,0.0075252509996062145,,,,False,Combination violates rules,,,a5938c6d-b078-44f4-ba3d-35e764b8e03a
small_devices_vr_20_16,FAILED,,0.007362824006122537,,,,False,Combination violates rules,,,9c53141d-0388-471b-a45f-113a3afd6e5e
small_devices_vr_20_17,FAILED,,0.0074160099975415505,,,,False,Not sufficient Resources,,,761d7594-08b9-4aae-a6b1-b288c70b27d5
small_devices_vr_20_18,FAILED,,0.007378497000900097,,,,False,Combination violates rules,,,ca8f8dd3-78cf-4c08-aed8-3b611b38223a
small_devices_vr_20_19,FAILED,,0.007413719002215657,,,,False,Requested features not provided,,,7d2b4141-5a2d-422b-b631-7b5f56a046e4
small_devices_vr_20_20,FAILED,,0.007499241997720674,,,,False,Combination violates rules,,,f90fc377-db2a-40ed-91d4-6dd1194050af
small_devices_vr_20_21,FAILED,,0.008102291998511646,,,,False,Requested features not provided,,,6fe5f05f-04a7-43ef-919c-c8bfe73594d1
small_devices_vr_20_22,FAILED,,0.008520534996932838,,,,False,Combination violates rules,,,50af68d8-3756-46ab-b5d8-05336747e590
small_devices_vr_20_23,FAILED,,0.008039722000830807,,,,False,Combination violates rules,,,d88e5feb-566a-4deb-baa0-a545f70e0e8d
small_devices_vr_20_24,FAILED,,0.007631453998328652,,,,False,Combination violates rules,,,f047d651-2e44-46e1-aaaa-236995b8a7ec
small_devices_vr_20_25,FAILED,,0.007454881000739988,,,,False,Requested features not provided,,,c67e4d84-e2b9-4e03-a26c-59679708b0fb
small_devices_vr_20_26,FAILED,,0.007426697004120797,,,,False,Combination violates rules,,,7f3c31f5-b19d-46da-9348-20b81c021655
small_devices_vr_20_27,FAILED,,0.007416246000502724,,,,False,Combination violates rules,,,ee48918b-31af-45f7-af7c-020871fb4bfb
small_devices_vr_20_28,FAILED,,0.007499706000089645,,,,False,Combination violates rules,,,929567ce-6c1e-4818-81e6-2d21cee90483
small_devices_vr_20_29,FAILED,,0.007347014994593337,,,,False,Requested features not provided,,,1464e68f-630c-4d5b-8c8c-f36df8385353
small_devices_vr_20_30,FAILED,,0.007419254994601943,,,,False,Combination violates rules,,,c895960e-77d2-4443-854b-95f8052ab4b7
small_devices_vr_20_31,FAILED,,0.00827044000470778,,,,False,Requested features not provided,,,cf7c7307-32f3-451c-bb37-7ad2a5b93cf2
small_devices_vr_20_32,FAILED,,0.008263004005129915,,,,False,Requested features not provided,,,8e914f92-5449-44de-b074-51c2774e0fbc
small_devices_vr_20_33,FAILED,,0.008216536996769719,,,,False,Combination violates rules,,,6520146c-1299-4786-9388-9582086138ff
small_devices_vr_20_34,FAILED,,0.010815023000759538,,,,False,Combination violates rules,,,99f7bda0-a26f-4ad3-b542-aaefacdcc800
small_devices_vr_20_35,FAILED,,0.008034853999561165,,,,False,Requested features not provided,,,80763622-b18a-4104-ae97-d66c7848c72b
small_devices_vr_20_36,FAILED,,0.007731127996521536,,,,False,Combination violates rules,,,54527367-1405-41f5-a362-6490a4be8460
small_devices_vr_20_37,FAILED,,0.007391689003270585,,,,False,Not sufficient Resources,,,d0988584-d9d0-4082-a7b4-e80d5f207422
small_devices_vr_20_38,FAILED,,0.0073595779977040365,,,,False,Combination violates rules,,,9a0aee76-bb5c-4576-b1a2-de753ffb8d4e
small_devices_vr_20_39,FAILED,,0.007307173000299372,,,,False,Combination violates rules,,,66408a8c-4554-43c6-9841-2069894097f4
small_devices_vr_20_40,FAILED,,0.00741993300471222,,,,False,Combination violates rules,,,394fc505-100f-4a31-ae86-1fbb4fb55f5b
small_devices_vr_20_41,FAILED,,0.007408106997900177,,,,False,Requested features not provided,,,81bddafa-4b68-4611-b4e6-2aef43b63436
small_devices_vr_20_42,FAILED,,0.0072494949999963865,,,,False,Not sufficient Resources,,,dd0e13bd-93ea-4814-90f2-a6a642a1b048
small_devices_vr_20_43,FAILED,,0.007330730004468933,,,,False,Combination violates rules,,,1c18c0e4-b0df-40ea-92a3-accf1c1ee577
small_devices_vr_20_44,FAILED,,0.007524268003180623,,,,False,Combination violates rules,,,3ef8b222-0fab-49a5-b110-af77d5673253
small_devices_vr_20_45,FAILED,,0.007693573003052734,,,,False,Requested features not provided,,,c44753ee-53e7-40fb-b5bd-5d2ab1d2c5ec
small_devices_vr_20_46,FAILED,,0.008169011998688802,,,,False,Combination violates rules,,,bd9c3fe3-0fb7-4463-ad6d-9e20e7555359
small_devices_vr_20_47,FAILED,,0.007586390995129477,,,,False,Not sufficient Resources,,,4e36f6ed-cc84-422b-bc76-7d557816d523
small_devices_vr_20_48,FAILED,,0.007720950998191256,,,,False,Requested features not provided,,,543fcbc7-331c-4c98-b334-78bba9b8e224
small_devices_vr_20_49,FAILED,,0.007448697004292626,,,,False,Combination violates rules,,,54aa2528-924a-4649-a070-27a821f573e9
small_devices_vr_20_50,FAILED,,0.007467230003385339,,,,False,Combination violates rules,,,f0872278-1cd7-4efc-b00a-6d4151b6304f
small_devices_vr_20_51,FAILED,,0.00728878299560165,,,,False,Combination violates rules,,,e570b401-906c-4a5b-ba37-09d9aa6096a4
small_devices_vr_20_52,FAILED,,0.007196628997917287,,,,False,Combination violates rules,,,5672342f-4134-4f35-9d92-50472289e0e3
small_devices_vr_20_53,FAILED,,0.007271609996678308,,,,False,Combination violates rules,,,bbceb620-93a8-41f1-991b-d1920aa24b7d
small_devices_vr_20_54,FAILED,,0.0072780870032147504,,,,False,Not sufficient Resources,,,26028b59-2a72-48e6-ac64-ccc28861dded
small_devices_vr_20_55,FAILED,,0.007265453998115845,,,,False,Combination violates rules,,,5531fc59-6ecd-4603-bcba-7d8c17d08beb
small_devices_vr_20_56,FAILED,,0.00765032900380902,,,,False,Combination violates rules,,,d6d4f68b-c51d-42e1-9d9c-2f97e8b3f8fd
small_devices_vr_20_57,FAILED,,0.007967776000441518,,,,False,Combination violates rules,,,d8465d64-3ae4-4f50-85ed-423b7e2fba6c
small_devices_vr_20_58,FAILED,,0.007936976995551959,,,,False,Not sufficient Resources,,,d0cf4518-0ac6-4185-85de-a523c9e2a044
small_devices_vr_20_59,FAILED,,0.007955148998007644,,,,False,Combination violates rules,,,cc43e34e-1d34-4bc9-99c9-097afdf4a73c
small_devices_vr_20_60,FAILED,,0.007405880001897458,,,,False,Combination violates rules,,,c32d1f5c-3d65-4d39-b01b-e5be43c37cb6
small_devices_vr_20_61,FAILED,,0.00746945299761137,,,,False,Requested features not provided,,,358741f1-3d51-4131-a020-2c72af5e4943
small_devices_vr_20_62,FAILED,,0.007743955000478309,,,,False,Combination violates rules,,,c6a7639b-0481-42ae-84d4-5c8bc0d1247e
small_devices_vr_20_63,FAILED,,0.007501546999264974,,,,False,Requested features not provided,,,aa9eccf9-fa0a-410a-9741-429739c8f1a8
small_devices_vr_20_64,FAILED,,0.007591194997075945,,,,False,Requested features not provided,,,d2e545f3-1ee1-4452-a975-a0e79ae9349a
small_devices_vr_20_65,FAILED,,0.007535634998930618,,,,False,Combination violates rules,,,8b82aa45-afdb-40c0-a71f-9615465b01ed
small_devices_vr_20_66,FAILED,,0.007438156004354823,,,,False,Combination violates rules,,,dbc3b03e-cdbf-4536-901b-54a3c668f1b4
small_devices_vr_20_67,FAILED,,0.007519213002524339,,,,False,Combination violates rules,,,9943ddb9-031d-404e-b895-1c137b33e77c
small_devices_vr_20_68,FAILED,,0.007554843999969307,,,,False,Not sufficient Resources,,,b095ff27-8b52-4811-88f8-65a0b74a703a
small_devices_vr_20_69,FAILED,,0.008033705998968799,,,,False,Combination violates rules,,,268180c4-6416-4d94-8c22-df7c520eaa3a
small_devices_vr_20_70,FAILED,,0.0074579549982445315,,,,False,Not sufficient Resources,,,25b687cc-e67f-438e-a424-b7468222c992
small_devices_vr_20_71,FAILED,,0.007496610000089277,,,,False,Requested features not provided,,,ce82fa76-375b-4b2e-8f8a-75fddf95e02f
small_devices_vr_20_72,FAILED,,0.007380574999842793,,,,False,Requested features not provided,,,b314e143-62b5-417a-836a-bb6a6260322b
small_devices_vr_20_73,FAILED,,0.007330496002396103,,,,False,Requested features not provided,,,1b109bad-40a3-444b-aeaa-494af4735fc5
small_devices_vr_20_74,FAILED,,0.007213718999992125,,,,False,Not sufficient Resources,,,d9a1196b-5b85-406c-b925-3e22d9669a2a
small_devices_vr_20_75,FAILED,,0.007269874004123267,,,,False,Combination violates rules,,,7f8087d1-7abb-4749-b254-c91480fdfa18
small_devices_vr_20_76,FAILED,,0.007496802994864993,,,,False,Combination violates rules,,,4748f85e-82f4-4e06-b993-992563b6e0ce
small_devices_vr_20_77,FAILED,,0.007380418996035587,,,,False,Requested features not provided,,,92b52a02-67b6-4b00-b21f-beecf4be3efd
small_devices_vr_20_78,FAILED,,0.007484695997845847,,,,False,Combination violates rules,,,aeb4531c-7242-448b-a7ee-36dbbaa4bc7a
small_devices_vr_20_79,FAILED,,0.00736648900056025,,,,False,Requested features not provided,,,a4c25861-1c2b-4045-b4f0-99949517562f
small_devices_vr_20_80,FAILED,,0.0074996600014856085,,,,False,Combination violates rules,,,57d0428a-5ca9-4218-9e58-a057e4fce4be
small_devices_vr_20_81,FAILED,,0.007432329002767801,,,,False,Requested features not provided,,,df5f7cfe-db00-4fac-8e20-1358a5b735cd
small_devices_vr_20_82,FAILED,,0.007457234998582862,,,,False,Combination violates rules,,,ffb53fc9-bb31-43cd-abad-3a6e019f5f9d
small_devices_vr_20_83,FAILED,,0.007376075998763554,,,,False,Combination violates rules,,,1919a2b8-746e-4798-a8de-8ef25f666b52
small_devices_vr_20_84,FAILED,,0.006537992994708475,,,,False,Combination violates rules,,,474bcfb9-a571-4e7c-84a7-244094c38299
small_devices_vr_20_85,FAILED,,0.008081436004431453,,,,False,Combination violates rules,,,c965cf90-76ef-437f-8f3b-f6b97610a0e6
small_devices_vr_20_86,FAILED,,0.008387830996070988,,,,False,Combination violates rules,,,f3158824-79b2-45b5-b25f-8e15e6f510d2
small_devices_vr_20_87,FAILED,,0.00794758899428416,,,,False,Not sufficient Resources,,,47eefd0d-6ef6-40f1-897b-b8a0312e53d9
small_devices_vr_20_88,FAILED,,0.007894524998846464,,,,False,Requested features not provided,,,bee24190-1b07-4f52-bd22-a47fbba29559
small_devices_vr_20_89,FAILED,,0.007725458999630064,,,,False,Requested features not provided,,,3a68a9cf-8be9-4e84-9166-b67deeeecd17
small_devices_vr_20_90,FAILED,,0.007925120000436436,,,,False,Combination violates rules,,,d53f2b0c-946b-4784-926e-5265d40ec527
small_devices_vr_20_91,FAILED,,0.00816266100446228,,,,False,Combination violates rules,,,66a96f3a-af89-4044-8d3a-569a87164737
small_devices_vr_20_92,FAILED,,0.008028840005863458,,,,False,Combination violates rules,,,108b1a7e-63f0-4f29-8937-949f8e31b5cf
small_devices_vr_20_93,FAILED,,0.008123684005113319,,,,False,Combination violates rules,,,ed412b68-e1b3-4a7d-a49c-ac1066279b8c
small_devices_vr_20_94,FAILED,,0.015400621996377595,,,,False,Combination violates rules,,,460c8870-8dd8-4ffb-9c49-3a92fcd9ed0c
small_devices_vr_20_95,FAILED,,0.01687905900325859,,,,False,Requested features not provided,,,41ff1146-732b-46f0-98f6-b8c51438ba64
small_devices_vr_20_96,FAILED,,0.017581125001015607,,,,False,Not sufficient Resources,,,f18f14d7-4f5b-449f-ad3b-08c0106f7378
small_devices_vr_20_97,FAILED,,0.013562947999162134,,,,False,Not sufficient Resources,,,554f1f54-ecfb-43ac-86cf-b6eb5408a439
small_devices_vr_20_98,FAILED,,0.013874092997866683,,,,False,Requested features not provided,,,b8491340-7139-412a-96a1-901725146797
small_devices_vr_20_99,FAILED,,0.014224746999389026,,,,False,Combination violates rules,,,1270f3a5-794c-4f5d-b299-463e66b48b1c
small_devices_vr_30_0,FAILED,,0.019754799002839718,,,,False,Combination violates rules,,,5eba05cc-07bf-4a1c-ad68-000d914d3e3b
small_devices_vr_30_1,FAILED,,0.018065634998492897,,,,False,Combination violates rules,,,b410ffed-dc46-48eb-8267-a5417bb5f83d
small_devices_vr_30_2,FAILED,,0.019129799999063835,,,,False,Combination violates rules,,,92ccea9e-a4b0-4ce4-8d40-5c98da351f84
small_devices_vr_30_3,FAILED,,0.017810156001360156,,,,False,Combination violates rules,,,1624a593-ac63-47d1-891a-6e9c4e037684
small_devices_vr_30_4,FAILED,,0.017593876000319142,,,,False,Combination violates rules,,,db4d48c6-3cd2-4329-88a6-bd2c12a022f1
small_devices_vr_30_5,FAILED,,0.01955582200025674,,,,False,Requested features not provided,,,924d012c-9274-4c81-ac27-88e11ee1a3af
small_devices_vr_30_6,FAILED,,0.020764224005688448,,,,False,Combination violates rules,,,0a1e8d9e-efa0-41b6-a128-fc024758c042
small_devices_vr_30_7,FAILED,,0.021244139003101736,,,,False,Combination violates rules,,,7e5175a6-f3f1-4f3f-be70-c76a03021c3d
small_devices_vr_30_8,FAILED,,0.021262312002363615,,,,False,Combination violates rules,,,c39cddaf-a302-49b2-8704-0d9674175dd0
small_devices_vr_30_9,FAILED,,0.02138324300176464,,,,False,Combination violates rules,,,57a2c6c6-db21-414e-a606-9b35d84ba210
small_devices_vr_30_10,FAILED,,0.010676566998881754,,,,False,Combination violates rules,,,cb6ddc90-63c7-4e49-ace5-efa3901508d4
small_devices_vr_30_11,FAILED,,0.010050462005892769,,,,False,Combination violates rules,,,daaea30a-708f-4d37-920f-7c6f2acddffc
small_devices_vr_30_12,FAILED,,0.009537037003610749,,,,False,Combination violates rules,,,1249f94b-652e-4425-8a5d-b844c4f78472
small_devices_vr_30_13,FAILED,,0.008974550997663755,,,,False,Combination violates rules,,,bfdf8712-ef84-470d-b393-220ec2a5da5b
small_devices_vr_30_14,FAILED,,0.008851452003000304,,,,False,Combination violates rules,,,b735d7fe-c6e5-4fa6-87d0-6f2d56e0ce93
small_devices_vr_30_15,FAILED,,0.009528499998850748,,,,False,Combination violates rules,,,93db0e35-d9df-4850-8239-3b9e5d8e1d57
small_devices_vr_30_16,FAILED,,0.00965178700425895,,,,False,Combination violates rules,,,ec225136-d5da-4e14-b4bd-d7893cef947b
small_devices_vr_30_17,FAILED,,0.01249079799890751,,,,False,Combination violates rules,,,fc86326a-d246-4f6f-88e0-87bd35cfc680
small_devices_vr_30_18,FAILED,,0.013704705001146067,,,,False,Combination violates rules,,,c8a1c6ea-9fb9-4764-9605-bc29ec8d96a6
small_devices_vr_30_19,FAILED,,0.012707730995316524,,,,False,Combination violates rules,,,f2ba7507-523a-4942-a160-df5edfe201c2
small_devices_vr_30_20,FAILED,,0.019421250995947048,,,,False,Requested features not provided,,,ecef17cf-a8d3-48ac-87ac-cad9e70f0e0f
small_devices_vr_30_21,FAILED,,0.02632675699715037,,,,False,Combination violates rules,,,613f49e6-1407-4289-96a9-5a2b31b27197
small_devices_vr_30_22,FAILED,,0.008301239999127574,,,,False,Requested features not provided,,,32eac39b-d08b-4f93-86d9-fe37a7ff7e63
small_devices_vr_30_23,FAILED,,0.00767824499780545,,,,False,Combination violates rules,,,bd3b8ad2-9be2-402a-ae3e-0d98908442d3
small_devices_vr_30_24,FAILED,,0.008812645995931234,,,,False,Combination violates rules,,,0c04727a-b0c5-4f25-802f-9eaee59a78aa
small_devices_vr_30_25,FAILED,,0.008699221994902473,,,,False,Requested features not provided,,,f392a114-219d-41a0-98fb-17a89e2e64db
small_devices_vr_30_26,FAILED,,0.008360789994185325,,,,False,Requested features not provided,,,4ed2be7e-f685-4254-a158-18df52bcc2d6
small_devices_vr_30_27,FAILED,,0.00800514600268798,,,,False,Combination violates rules,,,a5c7b8ec-78a4-4bdf-9b70-2b1baabbddd5
small_devices_vr_30_28,FAILED,,0.008035632003156934,,,,False,Combination violates rules,,,09dee11e-998d-49ec-a072-139b8951d724
small_devices_vr_30_29,FAILED,,0.015618718003679533,,,,False,Combination violates rules,,,9bf4c130-b797-40ae-8e19-3ad71baf7312
small_devices_vr_30_30,FAILED,,0.07185329200001433,,,,False,Combination violates rules,,,6ce838c6-da42-43c7-9a20-06137a80b066
small_devices_vr_30_31,FAILED,,0.009478873005718924,,,,False,Combination violates rules,,,c5f5b673-ad7a-4939-8ea9-0bd7f4ff506d
small_devices_vr_30_32,FAILED,,0.009017593001772184,,,,False,Requested features not provided,,,d5a34850-4f9f-4a0a-9837-692c62338c17
small_devices_vr_30_33,FAILED,,0.009735694002301898,,,,False,Combination violates rules,,,774615b5-f8a2-4215-88f1-326a36de54a0
small_devices_vr_30_34,FAILED,,0.009163132999674417,,,,False,Combination violates rules,,,2975e0ca-b190-4c3c-87bb-d2dec33aa7c3
small_devices_vr_30_35,FAILED,,0.008913812001992483,,,,False,Combination violates rules,,,a8302b8e-6533-422e-989c-b8bb350fff15
small_devices_vr_30_36,FAILED,,0.008993636998638976,,,,False,Combination violates rules,,,1f7c73d2-944a-44e3-803f-ff29c918740a
small_devices_vr_30_37,FAILED,,0.008794691995717585,,,,False,Combination violates rules,,,397baf6b-01f7-41d1-b776-07a48fdd0b80
small_devices_vr_30_38,FAILED,,0.01011918800213607,,,,False,Combination violates rules,,,7f776b49-2cfa-475a-969e-4bc9bf755baf
small_devices_vr_30_39,FAILED,,0.008658106002258137,,,,False,Requested features not provided,,,61ba34f3-8631-4916-b72d-c1e0c09bbdb5
small_devices_vr_30_40,FAILED,,0.008771113003604114,,,,False,Combination violates rules,,,12104c6e-73bb-4010-a537-0878d8f2afbd
small_devices_vr_30_41,FAILED,,0.008825005999824498,,,,False,Combination violates rules,,,db4c9e82-3479-4304-a4c7-e2f8a12ad751
small_devices_vr_30_42,FAILED,,0.00918240600003628,,,,False,Combination violates rules,,,2a545655-d297-4c4c-8e4f-7b25e65d423f
small_devices_vr_30_43,FAILED,,0.008711205002327915,,,,False,Combination violates rules,,,ffb08546-9af0-458b-9f44-50d6e8cca622
small_devices_vr_30_44,FAILED,,0.008575032996304799,,,,False,Combination violates rules,,,44fd9c5f-d85d-403a-a728-09c7feb10ded
small_devices_vr_30_45,FAILED,,0.008799431998340879,,,,False,Combination violates rules,,,47ac2ec6-3b45-4b9e-b1a2-e752364e4d4b
small_devices_vr_30_46,FAILED,,0.008635743004560936,,,,False,Combination violates rules,,,94b34a72-e2ea-424f-974e-9c548c369da8
small_devices_vr_30_47,FAILED,,0.009183020003547426,,,,False,Combination violates rules,,,b62258a5-3ee9-4d9b-bbbd-4db148c35931
small_devices_vr_30_48,FAILED,,0.008921517000999302,,,,False,Combination violates rules,,,8e938c06-71fd-416b-94df-64ec4c5d3736
small_devices_vr_30_49,FAILED,,0.008770298001763877,,,,False,Requested features not provided,,,88db2c6a-70c6-4ffa-bad8-e0ee8b6efce3
small_devices_vr_30_50,FAILED,,0.008825713994156104,,,,False,Requested features not provided,,,c83d9c58-8c60-4624-92d0-cb8d8b6cbfd6
small_devices_vr_30_51,FAILED,,0.008996254997327924,,,,False,Combination violates rules,,,c63f67ca-aa34-4b26-a1e0-bad3ad4c5d4c
small_devices_vr_30_52,FAILED,,0.008630689000710845,,,,False,Requested features not provided,,,4cfdb280-e1a1-4dbc-859b-f7bba81a6e8f
small_devices_vr_30_53,FAILED,,0.008945899004174862,,,,False,Combination violates rules,,,e1aca464-b253-4a35-820d-d8667bd9a2eb
small_devices_vr_30_54,FAILED,,0.008765406004386023,,,,False,Combination violates rules,,,c7fc9a3b-5e65-4166-b0cd-1397e85942a4
small_devices_vr_30_55,FAILED,,0.008769834996201098,,,,False,Combination violates rules,,,38b81ff7-161f-43c3-a7e1-539ba87059a1
small_devices_vr_30_56,FAILED,,0.007791611002176069,,,,False,Combination violates rules,,,ae444fdf-e048-4374-b1bf-135e67eff750
small_devices_vr_30_57,FAILED,,0.008746426996367518,,,,False,Combination violates rules,,,04d22368-53f1-491f-a93e-c221a3b24be3
small_devices_vr_30_58,FAILED,,0.008867092998116277,,,,False,Combination violates rules,,,a22329b4-1b0f-4911-8536-37e58035f073
small_devices_vr_30_59,FAILED,,0.008777855000516865,,,,False,Combination violates rules,,,edd75f48-43ca-490a-ba03-aa98988a9673
small_devices_vr_30_60,FAILED,,0.008859049004968256,,,,False,Combination violates rules,,,44c28fbe-ab57-49dd-b7ca-3cc612ce45d5
small_devices_vr_30_61,FAILED,,0.008582562004448846,,,,False,Requested features not provided,,,2decc112-b448-40b6-8c07-9c9661ad43e0
small_devices_vr_30_62,FAILED,,0.00884671200037701,,,,False,Combination violates rules,,,852db31d-5336-4d8b-94d4-4e43c917bd10
small_devices_vr_30_63,FAILED,,0.008744291997572873,,,,False,Combination violates rules,,,df1d067f-a00d-40e3-9f4e-8903920b2883
small_devices_vr_30_64,FAILED,,0.008826372999465093,,,,False,Requested features not provided,,,5ccce0df-dc75-42bb-bf82-ac4ca61174ba
small_devices_vr_30_65,FAILED,,0.008530863000487443,,,,False,Combination violates rules,,,747e9399-c61d-4077-b8cb-a0a19b692f2a
small_devices_vr_30_66,FAILED,,0.009960543997294735,,,,False,Combination violates rules,,,08ca329c-1161-4031-8880-c2e1f83872fe
small_devices_vr_30_67,FAILED,,0.014511510999000166,,,,False,Requested features not provided,,,8e4eddad-efbf-4e25-b5c0-8bd727e540b1
small_devices_vr_30_68,FAILED,,0.0076875199956703,,,,False,Combination violates rules,,,8a1bc010-2060-4671-a674-f21b5708886e
small_devices_vr_30_69,FAILED,,0.0077408290017046966,,,,False,Combination violates rules,,,eafaf0fd-654a-482c-a262-4751b53563cf
small_devices_vr_30_70,FAILED,,0.007473714002117049,,,,False,Combination violates rules,,,438f7e58-f075-42c0-ac56-3a1b674349e9
small_devices_vr_30_71,FAILED,,0.006844659998023417,,,,False,Combination violates rules,,,14ab990e-16a5-4723-a356-4d8b88c97ef7
small_devices_vr_30_72,FAILED,,0.007237014993734192,,,,False,Requested features not provided,,,0327db08-c368-45ed-b1c4-ef98bf352b9c
small_devices_vr_30_73,FAILED,,0.00731679200544022,,,,False,Combination violates rules,,,acb53823-1bd4-48f6-a050-ca27e69e8332
small_devices_vr_30_74,FAILED,,0.007297587995708454,,,,False,Combination violates rules,,,9997a518-db90-4ade-bac1-60f58cc0c7ab
small_devices_vr_30_75,FAILED,,0.007353737993980758,,,,False,Requested features not provided,,,bef8b288-022a-49b2-9d8a-6a18fd4f5295
small_devices_vr_30_76,FAILED,,0.007219346000056248,,,,False,Combination violates rules,,,f32dc39a-b5fe-4470-abcb-b07136b666d8
small_devices_vr_30_77,FAILED,,0.007231390998640563,,,,False,Combination violates rules,,,b086cfb3-e77f-40e3-8901-9837a63782b2
small_devices_vr_30_78,FAILED,,0.007384456002910156,,,,False,Combination violates rules,,,f22b7a29-c735-42b8-bc2b-8e9c147658d9
small_devices_vr_30_79,FAILED,,0.007735783998214174,,,,False,Combination violates rules,,,6332ce69-05ca-4f6a-906f-47cfbf7d5e62
small_devices_vr_30_80,FAILED,,0.00897868999891216,,,,False,Combination violates rules,,,3982d357-46cb-4208-824d-282223340d08
small_devices_vr_30_81,FAILED,,0.008600681998359505,,,,False,Requested features not provided,,,506ef0a3-239a-4aa2-a634-f85468486ab6
small_devices_vr_30_82,FAILED,,0.008634899000753649,,,,False,Requested features not provided,,,922ab103-2d20-439a-be26-00767e274051
small_devices_vr_30_83,FAILED,,0.008277480003016535,,,,False,Combination violates rules,,,c1870727-ffdb-40ef-b448-694ca25fc6f8
small_devices_vr_30_84,FAILED,,0.008385834000364412,,,,False,Requested features not provided,,,9259edee-d895-4e48-b898-e8ba8bf52436
small_devices_vr_30_85,FAILED,,0.00831501300126547,,,,False,Combination violates rules,,,dfb15ce0-301a-433c-b9da-aa593dd4118d
small_devices_vr_30_86,FAILED,,0.008461882993287873,,,,False,Combination violates rules,,,6f27c918-6c25-4b97-aabd-480b3fe19a5c
small_devices_vr_30_87,FAILED,,0.008346641006937716,,,,False,Requested features not provided,,,60190b18-d84c-4f1d-acfa-96b6f99c16ff
small_devices_vr_30_88,FAILED,,0.008327991999976803,,,,False,Combination violates rules,,,397e1a62-3224-4f78-a0ba-699f475ec292
small_devices_vr_30_89,FAILED,,0.008341619002749212,,,,False,Combination violates rules,,,372f03ef-4a78-4a06-b384-3b34951cab2e
small_devices_vr_30_90,FAILED,,0.008692650000739377,,,,False,Not sufficient Resources,,,a6ca0ed6-716c-439c-940c-b90535fbbd29
small_devices_vr_30_91,FAILED,,0.008226423000451177,,,,False,Combination violates rules,,,aa65f03e-cfb1-44e6-9102-3f3c16ecd301
small_devices_vr_30_92,FAILED,,0.008235900997533463,,,,False,Combination violates rules,,,a9e00b1d-ebd4-453b-8901-726346775285
small_devices_vr_30_93,FAILED,,0.00824761799594853,,,,False,Combination violates rules,,,c6164721-6faa-47fa-b177-5be44d1733d0
small_devices_vr_30_94,FAILED,,0.008335806996910833,,,,False,Combination violates rules,,,737d64b4-8245-4c17-9c70-9ffcb7764473
small_devices_vr_30_95,FAILED,,0.008484721998684108,,,,False,Combination violates rules,,,656be749-bb73-4ef3-8e60-dda1060664fe
small_devices_vr_30_96,FAILED,,0.008399063000979368,,,,False,Combination violates rules,,,f7a916ac-f193-4152-8e2e-5db8bb10c18b
small_devices_vr_30_97,FAILED,,0.008204097997804638,,,,False,Combination violates rules,,,f29eb48a-68d7-4025-8cde-3da30e0a1b49
small_devices_vr_30_98,FAILED,,0.008214351000788156,,,,False,Combination violates rules,,,70f3bdd6-4cdf-4e1c-bc51-8934004dd43d
small_devices_vr_30_99,FAILED,,0.008169875996827614,,,,False,Combination violates rules,,,0d58db45-fc5d-4437-9386-585098232ce5
small_clients_vr_25_0,FAILED,,0.007483261993911583,,,,False,Requested features not provided,,,fc163158-e89c-447f-9628-119580a10649
small_clients_vr_25_1,FAILED,,0.007457991996489,,,,False,Combination violates rules,,,031b8c8f-7601-47ca-9335-a033911df339
small_clients_vr_25_2,FAILED,,0.0073724620015127584,,,,False,Combination violates rules,,,80092f92-e523-45fa-a04b-fb8457906b46
small_clients_vr_25_3,FAILED,,0.0074303149958723225,,,,False,Combination violates rules,,,3a54f90c-79d7-4436-ae67-b9cf7079dd24
small_clients_vr_25_4,FAILED,,0.0074193269974784926,,,,False,Not sufficient Resources,,,21fbb35e-dd31-4899-9603-7c1a7174b574
small_clients_vr_25_5,FAILED,,0.007418606997816823,,,,False,Combination violates rules,,,7378ed28-a8cd-4dd3-ad8e-661d39dceead
small_clients_vr_25_6,FAILED,,0.00737372699950356,,,,False,Requested features not provided,,,bab5295c-f85a-4117-abad-96d1c4f802e0
small_clients_vr_25_7,FAILED,,0.007525287997850683,,,,False,Requested features not provided,,,9c6f9b7a-85cf-49c2-810d-c01c840108b8
small_clients_vr_25_8,FAILED,,0.007394079999357928,,,,False,Requested features not provided,,,0d82e8d1-694f-41f7-b5c9-9a5054df1cc1
small_clients_vr_25_9,FAILED,,0.0074289749973104335,,,,False,Requested features not provided,,,a6592170-73ab-4759-a931-d73f6e77cfb5
small_clients_vr_25_10,FAILED,,0.006832387000031304,,,,False,Not sufficient Resources,,,d3b29d52-833e-4a4b-a45d-122ec98d8efe
small_clients_vr_25_11,FAILED,,0.007576930998766329,,,,False,Combination violates rules,,,cbafaf3e-4686-4452-9314-8f0918041676
small_clients_vr_25_12,FAILED,,0.0074023619963554665,,,,False,Requested features not provided,,,006c9b75-af0a-4de5-940e-7abb08f992a7
small_clients_vr_25_13,FAILED,,0.007372910993581172,,,,False,Requested features not provided,,,67086409-9192-4551-b311-f2f1e0419503
small_clients_vr_25_14,FAILED,,0.007335062000493053,,,,False,Not sufficient Resources,,,6711cf3c-cbac-4792-a973-7f06d9856e8f
small_clients_vr_25_15,FAILED,,0.007388739999441896,,,,False,Combination violates rules,,,82d52a9a-3603-4c6f-a1c7-5a188075e678
small_clients_vr_25_16,FAILED,,0.007314950998988934,,,,False,Requested features not provided,,,c80f1f46-06d8-43d5-8cce-274ed0bb7e6a
small_clients_vr_25_17,FAILED,,0.007466702001693193,,,,False,Requested features not provided,,,bf6390a2-52d9-4c26-a655-7a6dc8f7a1b6
small_clients_vr_25_18,FAILED,,0.007352970002102666,,,,False,Not sufficient Resources,,,30f7cd8e-5ffa-4f1b-aa0a-f2bea953af79
small_clients_vr_25_19,FAILED,,0.007340554002439603,,,,False,Not sufficient Resources,,,a31e8b9b-b2f0-416c-9b01-12fd321bbb64
small_clients_vr_25_20,FAILED,,0.0068827249997411855,,,,False,Combination violates rules,,,a3954e6c-5199-4c6a-861f-feb1e63cfbd9
small_clients_vr_25_21,FAILED,,0.00749519399687415,,,,False,Combination violates rules,,,6df53644-c60d-4814-aacd-6eaaf3918722
small_clients_vr_25_22,FAILED,,0.007427719006955158,,,,False,Combination violates rules,,,21b557e0-c4d4-4ec5-b447-d3c52ef3caad
small_clients_vr_25_23,FAILED,,0.007473120997019578,,,,False,Combination violates rules,,,5dd3bdb1-44a9-499d-b8c4-1f1b8690f2b6
small_clients_vr_25_24,FAILED,,0.007422905997373164,,,,False,Requested features not provided,,,1195292b-8290-4080-93c1-caa7769303db
small_clients_vr_25_25,FAILED,,0.007390447004581802,,,,False,Combination violates rules,,,e67b99c8-f52e-4e9a-ba86-8e807af9c26d
small_clients_vr_25_26,FAILED,,0.0074828529977821745,,,,False,Combination violates rules,,,d5cba7ec-1706-4141-8c92-6a242f017b5b
small_clients_vr_25_27,FAILED,,0.007203032000688836,,,,False,Requested features not provided,,,f47f4751-e82f-4c86-adc0-a622c61b3ea8
small_clients_vr_25_28,FAILED,,0.007228347996715456,,,,False,Requested features not provided,,,c660fc1e-5246-423d-bc79-3b4bf01c2bc8
small_clients_vr_25_29,FAILED,,0.007284894003532827,,,,False,Requested features not provided,,,8bd9b8b3-f780-4c2a-9a53-3fb21099893a
small_clients_vr_25_30,FAILED,,0.007312574998650234,,,,False,Combination violates rules,,,cb783a53-3ee5-44fd-be7c-43684fc36b27
small_clients_vr_25_31,FAILED,,0.007196437996753957,,,,False,Requested features not provided,,,efcecf73-3ca4-4b39-93f7-954999bcb09d
small_clients_vr_25_32,FAILED,,0.00742520500352839,,,,False,Combination violates rules,,,40902df4-dcd2-4dfe-8887-c9fe918feca8
small_clients_vr_25_33,FAILED,,0.007163315000070725,,,,False,Requested features not provided,,,94f46ddf-472b-4b33-bd83-8c89fa17e7d4
small_clients_vr_25_34,FAILED,,0.007222963999083731,,,,False,Combination violates rules,,,1247c046-f128-45b5-a9c7-4d0092e43e2a
small_clients_vr_25_35,FAILED,,0.007157888998335693,,,,False,Combination violates rules,,,aac1f61e-3a35-4907-8219-3d53cd1c0108
small_clients_vr_25_36,FAILED,,0.007590102999529336,,,,False,Requested features not provided,,,c33aa08a-c40e-4621-a3ac-9acf63e30baf
small_clients_vr_25_37,FAILED,,0.0074690469991764985,,,,False,Requested features not provided,,,461d12aa-7830-4548-98e2-4c1f6e6dae2c
small_clients_vr_25_38,FAILED,,0.007180524000432342,,,,False,Combination violates rules,,,0aa62d17-dd42-4db0-94a2-5167d489cc49
small_clients_vr_25_39,FAILED,,0.007564779996755533,,,,False,Combination violates rules,,,935de6d6-2ec5-450e-be65-3ff146d718c8
small_clients_vr_25_40,FAILED,,0.00742240299587138,,,,False,Combination violates rules,,,45f84477-7037-473d-8f28-9b8777f1269e
small_clients_vr_25_41,FAILED,,0.0073306799968122505,,,,False,Combination violates rules,,,81215c64-0cbe-42d1-9a04-e1c8f16cfb4f
small_clients_vr_25_42,FAILED,,0.0071491330018034205,,,,False,Requested features not provided,,,63ce6800-4566-4fe8-888f-467b88a2085e
small_clients_vr_25_43,FAILED,,0.007247421999636572,,,,False,Requested features not provided,,,d9e073cb-6b73-4012-afa2-c9a6c009346f
small_clients_vr_25_44,FAILED,,0.0073294619942316785,,,,False,Combination violates rules,,,6394c392-808d-45a8-9507-47cfab748ee7
small_clients_vr_25_45,FAILED,,0.007394585998554248,,,,False,Not sufficient Resources,,,e6b730bc-48dd-43e9-9503-8551cbb91a4f
small_clients_vr_25_46,FAILED,,0.007351533000473864,,,,False,Combination violates rules,,,010a2081-851d-4376-8aed-3649bc661893
small_clients_vr_25_47,FAILED,,0.00724371900287224,,,,False,Not sufficient Resources,,,d023254c-ed70-483a-80a1-e8bd6318d2ed
small_clients_vr_25_48,FAILED,,0.007218696002382785,,,,False,Combination violates rules,,,b2eb91b9-3ab0-4625-9468-af7d1ad8416d
small_clients_vr_25_49,FAILED,,0.00713186999928439,,,,False,Requested features not provided,,,534eb245-adbc-4a93-b816-9cb161ef0920
small_clients_vr_25_50,FAILED,,0.00722696099546738,,,,False,Combination violates rules,,,d509c811-a7fe-4ad3-a58b-5417e12366bf
small_clients_vr_25_51,FAILED,,0.007240289000037592,,,,False,Requested features not provided,,,b3b73482-845d-4eff-ae69-f5042723bf23
small_clients_vr_25_52,FAILED,,0.007269659996381961,,,,False,Combination violates rules,,,9ff0c1bc-002b-44c2-846d-0aab003dfb9e
small_clients_vr_25_53,FAILED,,0.007068699000228662,,,,False,Combination violates rules,,,c0457a9b-6b98-43d7-adfd-230e10424917
small_clients_vr_25_54,FAILED,,0.007143177994294092,,,,False,Combination violates rules,,,6cc69332-2c42-4d4a-b453-8f3391483bc9
small_clients_vr_25_55,FAILED,,0.0070555349957430735,,,,False,Requested features not provided,,,29d00cf3-4bbf-408b-b6b6-dd106b790d34
small_clients_vr_25_56,FAILED,,0.007152158999815583,,,,False,Requested features not provided,,,f6e7760b-1b66-42f7-a68c-45122e119a61
small_clients_vr_25_57,FAILED,,0.007325623999349773,,,,False,Combination violates rules,,,30ddfc62-8a98-4c88-83fd-7fef627c0373
small_clients_vr_25_58,FAILED,,0.007305093000468332,,,,False,Combination violates rules,,,bac0ad27-6de5-4860-89a2-4086754c92f7
small_clients_vr_25_59,FAILED,,0.007353713001066353,,,,False,Not sufficient Resources,,,36bc312a-ac90-4a38-a24e-14792dbbb86c
small_clients_vr_25_60,FAILED,,0.007276737997017335,,,,False,Requested features not provided,,,58c9eab7-4f20-4806-be20-0a9d5f2e6551
small_clients_vr_25_61,FAILED,,0.00724417700257618,,,,False,Combination violates rules,,,e3b1e5a9-0d5c-41b7-a64a-858cebde4c0f
small_clients_vr_25_62,FAILED,,0.007219708000775427,,,,False,Combination violates rules,,,005b51ea-f3c2-4c06-b83e-af11a2543999
small_clients_vr_25_63,FAILED,,0.006619227002374828,,,,False,Requested features not provided,,,9f49d5ff-3784-4ead-b4b8-dab222f007f8
small_clients_vr_25_64,FAILED,,0.007429980003507808,,,,False,Combination violates rules,,,b80225ee-f2bd-4782-ac3d-88256cfd2e8a
small_clients_vr_25_65,FAILED,,0.007571570997242816,,,,False,Requested features not provided,,,37291b57-4fc2-4b67-b352-5a04ab5433c8
small_clients_vr_25_66,FAILED,,0.007168330004788004,,,,False,Combination violates rules,,,76c5c381-ef34-41cd-b21a-acd076740239
small_clients_vr_25_67,FAILED,,0.007298887998331338,,,,False,Combination violates rules,,,06a3d3b5-77be-4342-8038-0b4d2259cae2
small_clients_vr_25_68,FAILED,,0.007141059999412391,,,,False,Combination violates rules,,,2f85f458-6684-4176-a97e-82fc795276df
small_clients_vr_25_69,FAILED,,0.007213475997559726,,,,False,Requested features not provided,,,82c53c09-c127-48ee-aa9f-4cb948674093
small_clients_vr_25_70,FAILED,,0.007114125997759402,,,,False,Combination violates rules,,,bfef58d7-d178-4bcf-ab4a-dd53c171d6ac
small_clients_vr_25_71,FAILED,,0.007061342002998572,,,,False,Requested features not provided,,,ebf41ca8-ee59-46e7-beeb-3a437ac85a85
small_clients_vr_25_72,FAILED,,0.007133464998332784,,,,False,Combination violates rules,,,24e015f1-205e-49f1-8623-ddb15de9dab4
small_clients_vr_25_73,FAILED,,0.007150557998102158,,,,False,Combination violates rules,,,41ea148c-e5db-4baa-ae6c-7b525b0c15df
small_clients_vr_25_74,FAILED,,0.007161449997511227,,,,False,Requested features not provided,,,3e8059d9-ce22-48ef-bc83-41a05799110a
small_clients_vr_25_75,FAILED,,0.0071803219980211,,,,False,Requested features not provided,,,f6727a38-d20d-4606-8690-e0992ca02797
small_clients_vr_25_76,FAILED,,0.007307501997274812,,,,False,Combination violates rules,,,cc74567e-e2b0-4d4d-b173-0f2d70a82a72
small_clients_vr_25_77,FAILED,,0.007126182994397823,,,,False,Not sufficient Resources,,,ed1b1417-a5ce-4406-8ed8-8137986902d0
small_clients_vr_25_78,FAILED,,0.007128520002879668,,,,False,Combination violates rules,,,1b4c92d3-daf1-4a37-815e-79d6ed1029f8
small_clients_vr_25_79,FAILED,,0.007243294006912038,,,,False,Combination violates rules,,,da9b7fc9-4b5f-493c-9e61-0efe638d1698
small_clients_vr_25_80,FAILED,,0.007407254001009278,,,,False,Requested features not provided,,,69fdb193-2757-4768-834e-e0459ff1674b
small_clients_vr_25_81,FAILED,,0.0074304289955762215,,,,False,Combination violates rules,,,35b32112-7e74-43fb-ae0a-526d9482a5b6
small_clients_vr_25_82,FAILED,,0.007132364000426605,,,,False,Not sufficient Resources,,,d656f15c-b657-4152-806a-909b24b215b5
small_clients_vr_25_83,FAILED,,0.007220193001558073,,,,False,Requested features not provided,,,09198491-70a7-4c14-928f-e3b3c23a3f11
small_clients_vr_25_84,FAILED,,0.007156578001740854,,,,False,Combination violates rules,,,3fb85c3b-29df-429c-8f14-3d824db77873
small_clients_vr_25_85,FAILED,,0.007138196000596508,,,,False,Combination violates rules,,,387ec4f7-22a1-4592-b9ec-29f1a96c86da
small_clients_vr_25_86,FAILED,,0.007044917001621798,,,,False,Requested features not provided,,,52d8224d-d139-413f-8b48-80913b5666fb
small_clients_vr_25_87,FAILED,,0.0073397820015088655,,,,False,Requested features not provided,,,9ec92ad2-8211-4a66-86e0-1415417708a5
small_clients_vr_25_88,FAILED,,0.007188547002442647,,,,False,Combination violates rules,,,392307f7-86f9-4e65-b6c9-72450c4e4d25
small_clients_vr_25_89,FAILED,,0.0072167529942817055,,,,False,Requested features not provided,,,2e536470-f242-4d7c-acdf-7dcf4b3d864b
small_clients_vr_25_90,FAILED,,0.007336269001825713,,,,False,Combination violates rules,,,7235f53e-b066-4643-98ef-6bd10629f778
small_clients_vr_25_91,FAILED,,0.007314558999496512,,,,False,Requested features not provided,,,9265829e-0b6b-4e5a-8b74-fe9f61a9b850
small_clients_vr_25_92,FAILED,,0.007117663000826724,,,,False,Combination violates rules,,,4566110d-b6fe-442e-aeea-325aac8ce78e
small_clients_vr_25_93,FAILED,,0.0070442849973915145,,,,False,Combination violates rules,,,ca859e5e-ca12-4d3a-9efc-17bbd6fa1786
small_clients_vr_25_94,FAILED,,0.007272463000845164,,,,False,Combination violates rules,,,5f41bf2f-4bb9-4032-8a60-d0d884879188
small_clients_vr_25_95,FAILED,,0.007442099005857017,,,,False,Combination violates rules,,,a96ce69e-3c8f-468a-a13d-c571c3343261
small_clients_vr_25_96,FAILED,,0.0071984059977694415,,,,False,Combination violates rules,,,f6a01fef-5508-4c26-8879-1bdf1f3e602b
small_clients_vr_25_97,FAILED,,0.007045094003842678,,,,False,Not sufficient Resources,,,a94a0080-3923-4b79-b105-faf52441df62
small_clients_vr_25_98,FAILED,,0.007270859001437202,,,,False,Requested features not provided,,,a49def46-555b-432d-8031-54d0dcbec4fd
small_clients_vr_25_99,FAILED,,0.007232104006106965,,,,False,Requested features not provided,,,4a32c949-3732-42bf-93c2-48bab8fa6887
small_clients_vr_50_0,FAILED,,0.007192142998974305,,,,False,Combination violates rules,,,5f7bbda9-aaa8-454f-a3fd-a984a1ce12a2
small_clients_vr_50_1,FAILED,,0.007104397998773493,,,,False,Not sufficient Resources,,,0f0a2f2f-85f8-4380-a871-79ee3b31edfd
small_clients_vr_50_2,FAILED,,0.007085833000019193,,,,False,Not sufficient Resources,,,af261299-92eb-4f03-bf85-f7ae90fc7a91
small_clients_vr_50_3,FAILED,,0.0071232469999813475,,,,False,Combination violates rules,,,466241ab-44ef-4b8c-a75a-f5ded2a9c5f8
small_clients_vr_50_4,FAILED,,0.007003396996879019,,,,False,Not sufficient Resources,,,86f469f5-4046-403e-b8ec-1999fe2de508
small_clients_vr_50_5,FAILED,,0.0071308670012513176,,,,False,Not sufficient Resources,,,9272053b-a7fd-4873-be71-79fe5e9a5a98
small_clients_vr_50_6,FAILED,,0.007098465001035947,,,,False,Combination violates rules,,,33fe4d2f-571d-43da-a36e-44666a8c9c04
small_clients_vr_50_7,FAILED,,0.007257717996253632,,,,False,Combination violates rules,,,962f1887-ba0b-4e0a-9c74-cd57b6b05303
small_clients_vr_50_8,FAILED,,0.007378043999779038,,,,False,Requested features not provided,,,88d95c83-5ab3-40aa-bc9f-a6efeec9141b
small_clients_vr_50_9,FAILED,,0.0070925299951341,,,,False,Combination violates rules,,,87e51b7a-7785-402f-a39b-24851a219bfa
small_clients_vr_50_10,FAILED,,0.007197685001301579,,,,False,Combination violates rules,,,4ee0e7a7-bd83-4967-9530-aaa3dbcbe5ac
small_clients_vr_50_11,FAILED,,0.007036515999061521,,,,False,Not sufficient Resources,,,24a2802d-8c96-440e-bacc-77cb138dbca5
small_clients_vr_50_12,FAILED,,0.007137145999877248,,,,False,Requested features not provided,,,49c55f0d-5e0e-476d-9af6-ef2d99eaf441
small_clients_vr_50_13,FAILED,,0.0072708509978838265,,,,False,Not sufficient Resources,,,1b86ac34-1d15-4f93-9647-47d7e64a35aa
small_clients_vr_50_14,FAILED,,0.007132772996556014,,,,False,Not sufficient Resources,,,7555104c-80b0-48f0-9106-afe75a9fbfab
small_clients_vr_50_15,FAILED,,0.007199927000328898,,,,False,Combination violates rules,,,8d7f7079-0724-4b6a-9767-b0a987154a88
small_clients_vr_50_16,FAILED,,0.006398808996891603,,,,False,Combination violates rules,,,9855bf60-c319-4088-841f-e2a9838aa32a
small_clients_vr_50_17,FAILED,,0.007231529998534825,,,,False,Combination violates rules,,,3250b887-e745-4f6e-90e6-10a973db7291
small_clients_vr_50_18,FAILED,,0.007041864002530929,,,,False,Requested features not provided,,,f8607cff-ba41-4af5-9932-18f95a22cf82
small_clients_vr_50_19,FAILED,,0.007118341003661044,,,,False,Combination violates rules,,,2b772ed6-46c1-49f5-8b4f-189417732b94
small_clients_vr_50_20,FAILED,,0.007228992995806038,,,,False,Combination violates rules,,,282ed633-1e09-4a2b-8c1d-6415263a7941
small_clients_vr_50_21,FAILED,,0.00713587299833307,,,,False,Combination violates rules,,,922d193d-bb7c-41b2-97c3-d3cfb987c1ae
small_clients_vr_50_22,FAILED,,0.007177097002568189,,,,False,Combination violates rules,,,8b97c584-8ccb-4937-b598-348c0561e659
small_clients_vr_50_23,FAILED,,0.007130245001462754,,,,False,Combination violates rules,,,6319158d-eb54-4827-ba2a-7c23463d281e
small_clients_vr_50_24,FAILED,,0.007120457004930358,,,,False,Requested features not provided,,,e1f3ce0e-55d7-46ef-8ae6-9431b9a9e271
small_clients_vr_50_25,FAILED,,0.007120531998225488,,,,False,Combination violates rules,,,fdb18d35-d470-4fda-b636-355e14183cf3
small_clients_vr_50_26,FAILED,,0.007337098999414593,,,,False,Not sufficient Resources,,,242e650c-c88e-48a0-8a63-4bc15b6a17c6
small_clients_vr_50_27,FAILED,,0.007319097996514756,,,,False,Combination violates rules,,,c82280cc-f728-41a2-9370-c170ecfa110a
small_clients_vr_50_28,FAILED,,0.007153098005801439,,,,False,Not sufficient Resources,,,ae1492de-a0f9-41a1-b75e-be60bbc8b849
small_clients_vr_50_29,FAILED,,0.007202105000033043,,,,False,Combination violates rules,,,ec1e4643-35d8-43c0-9d6b-95d900a2e367
small_clients_vr_50_30,FAILED,,0.00702574599563377,,,,False,Combination violates rules,,,285b4ed9-9140-4e49-9af6-c7f5caac5c27
small_clients_vr_50_31,FAILED,,0.007417673994495999,,,,False,Combination violates rules,,,ffa36647-2639-494a-9443-08f4debe3d16
small_clients_vr_50_32,FAILED,,0.0074890699979732744,,,,False,Combination violates rules,,,38540f10-d6d0-4757-8c06-612cc12f7853
small_clients_vr_50_33,FAILED,,0.007261355000082403,,,,False,Combination violates rules,,,82470772-8fc9-4664-9e8e-b684c976833d
small_clients_vr_50_34,FAILED,,0.007139203997212462,,,,False,Not sufficient Resources,,,c867dd78-5177-4c67-8f9e-523e106d91d0
small_clients_vr_50_35,FAILED,,0.007268914996529929,,,,False,Combination violates rules,,,85fc5f8a-3e76-4f50-b987-9009f5fd663e
small_clients_vr_50_36,FAILED,,0.007116832995961886,,,,False,Requested features not provided,,,827ce279-f110-4ece-87f1-07f55622c5e5
small_clients_vr_50_37,FAILED,,0.007147049997001886,,,,False,Not sufficient Resources,,,f93a3ead-25f1-4031-9e4f-1ca1a12caf34
small_clients_vr_50_38,FAILED,,0.007225026005471591,,,,False,Combination violates rules,,,9c502c92-7dcf-4d47-b448-5429d67faffa
small_clients_vr_50_39,FAILED,,0.007132573999115266,,,,False,Requested features not provided,,,abc14bd9-d264-4a54-91a3-86b500812c4a
small_clients_vr_50_40,FAILED,,0.006973043993639294,,,,False,Requested features not provided,,,136ec538-dc61-4691-a247-8dceb8bf9072
small_clients_vr_50_41,FAILED,,0.006998170996666886,,,,False,Combination violates rules,,,e9615023-2b6e-45a8-b891-b249c7bb165e
small_clients_vr_50_42,FAILED,,0.00717472600081237,,,,False,Combination violates rules,,,2d9c824e-ae50-4d40-87c3-13d790194ce7
small_clients_vr_50_43,FAILED,,0.006866790994536132,,,,False,Not sufficient Resources,,,65f84001-8e41-4d52-ae2f-7e73956785c7
small_clients_vr_50_44,FAILED,,0.007203335997473914,,,,False,Requested features not provided,,,be608098-d138-4ede-81ff-b6f6df820fbb
small_clients_vr_50_45,FAILED,,0.007113286999810953,,,,False,Not sufficient Resources,,,e7bf5729-5e07-4e0f-89a5-5318206f52e3
small_clients_vr_50_46,FAILED,,0.0072520850008004345,,,,False,Combination violates rules,,,cf7a1f8d-9f7c-48ac-b5a9-65e3ca998eea
small_clients_vr_50_47,FAILED,,0.007149851000576746,,,,False,Combination violates rules,,,1c5b5ae3-98f2-4fa5-9bfd-ebb4cd38025e
small_clients_vr_50_48,FAILED,,0.007225862005725503,,,,False,Not sufficient Resources,,,c609a29d-0dcb-44b1-9f3f-694dae57c9c7
small_clients_vr_50_49,FAILED,,0.008225335004681256,,,,False,Not sufficient Resources,,,27daddf8-2631-419b-a6ca-e556e439abcd
small_clients_vr_50_50,FAILED,,0.006880828004796058,,,,False,Combination violates rules,,,7bfc451f-51a9-4e14-862d-63ecec1f2a50
small_clients_vr_50_51,FAILED,,0.007136608997825533,,,,False,Requested features not provided,,,4d9e23a5-c320-49e5-9412-84e9ddf1b6a4
small_clients_vr_50_52,FAILED,,0.007131159996788483,,,,False,Combination violates rules,,,560faf92-f922-4780-ac34-8a42455f917d
small_clients_vr_50_53,FAILED,,0.0071771639995859005,,,,False,Combination violates rules,,,8041a48d-d353-4fd0-abf2-1c2064538d82
small_clients_vr_50_54,FAILED,,0.007131939993996639,,,,False,Combination violates rules,,,351ad9a4-0749-4540-b439-dcb010788b37
small_clients_vr_50_55,FAILED,,0.007133448001695797,,,,False,Requested features not provided,,,3076298c-ba52-428c-a035-cd261fb3ba9f
small_clients_vr_50_56,FAILED,,0.007066625999868847,,,,False,Not sufficient Resources,,,35b0dc20-3707-4267-a23c-bf8208095538
small_clients_vr_50_57,FAILED,,0.006968987996515352,,,,False,Requested features not provided,,,e51dba97-18ee-4e3b-b47f-922ef03437d8
small_clients_vr_50_58,FAILED,,0.007156505998864304,,,,False,Requested features not provided,,,8fcfb788-7482-43fb-b37b-e8b0bfd2c920
small_clients_vr_50_59,FAILED,,0.00709602699498646,,,,False,Combination violates rules,,,38c08e7f-1591-406a-8b67-d94c8a109cf8
small_clients_vr_50_60,FAILED,,0.006814651998865884,,,,False,Requested features not provided,,,4c57f5c6-c473-4225-bfe5-20f9728044ce
small_clients_vr_50_61,FAILED,,0.007125841002562083,,,,False,Not sufficient Resources,,,df06638f-1e51-4131-a238-4dff8220af1f
small_clients_vr_50_62,FAILED,,0.007035791000816971,,,,False,Not sufficient Resources,,,09e3b442-001a-47e8-8209-5a95792ba28a
small_clients_vr_50_63,FAILED,,0.006977418001042679,,,,False,Requested features not provided,,,37c34361-c186-43d3-bf29-2bcb2876e29c
small_clients_vr_50_64,FAILED,,0.006930338000529446,,,,False,Combination violates rules,,,28abe904-ebba-4c17-ba54-3cf895f2430a
small_clients_vr_50_65,FAILED,,0.007023123995168135,,,,False,Requested features not provided,,,8d505a0d-1ea6-4688-aa19-301936dc065e
small_clients_vr_50_66,FAILED,,0.007174995000241324,,,,False,Combination violates rules,,,0b066ced-9e9a-4ce2-9956-e3995220805a
small_clients_vr_50_67,FAILED,,0.007058586998027749,,,,False,Not sufficient Resources,,,c3cb0150-23fc-4c88-a0eb-8d45f1440448
small_clients_vr_50_68,FAILED,,0.0070842459972482175,,,,False,Not sufficient Resources,,,2e1891c5-b7cd-40c7-8efd-a5596bb97311
small_clients_vr_50_69,FAILED,,0.00709443000232568,,,,False,Combination violates rules,,,03d8c0c6-b69b-4afe-ad81-6a724e447cb5
small_clients_vr_50_70,FAILED,,0.006969011003093328,,,,False,Combination violates rules,,,0792c5d5-0018-4ef1-b38e-f811dc5d721a
small_clients_vr_50_71,FAILED,,0.007386166005744599,,,,False,Combination violates rules,,,ec31e3ef-8fd7-4d7a-86a1-53b2e139f9d5
small_clients_vr_50_72,FAILED,,0.007052711000142153,,,,False,Combination violates rules,,,c5f533b4-a725-4b6b-a94e-9a7fd8029efd
small_clients_vr_50_73,FAILED,,0.00722876100189751,,,,False,Combination violates rules,,,0662dd59-b1ea-4182-a527-a9d552f703f5
small_clients_vr_50_74,FAILED,,0.007033385001705028,,,,False,Combination violates rules,,,3226cea4-286a-494f-8349-5fe97e9b4299
small_clients_vr_50_75,FAILED,,0.006951654999284074,,,,False,Combination violates rules,,,ccab7a97-f0de-49c6-9377-4f19334a4ebb
small_clients_vr_50_76,FAILED,,0.006963154002733063,,,,False,Requested features not provided,,,06aaf431-3e51-454b-bf59-4f77cf1402ea
small_clients_vr_50_77,FAILED,,0.007272031994943973,,,,False,Combination violates rules,,,493c9795-649b-46e4-beea-5647cd667d31
small_clients_vr_50_78,FAILED,,0.007159715998568572,,,,False,Combination violates rules,,,c0e5b66b-1573-40f2-814d-46a688e79bdd
small_clients_vr_50_79,FAILED,,0.007080855000822339,,,,False,Combination violates rules,,,e54acb63-da24-4253-9451-d05fe4336b40
small_clients_vr_50_80,FAILED,,0.0069812810033909045,,,,False,Not sufficient Resources,,,41140bc9-42c2-431e-9372-53e1932d8571
small_clients_vr_50_81,FAILED,,0.007034453999949619,,,,False,Combination violates rules,,,fa280856-a29c-4939-8792-a7f080e44822
small_clients_vr_50_82,FAILED,,0.007110457998351194,,,,False,Combination violates rules,,,468d27a1-b535-4f6b-97da-334690b94189
small_clients_vr_50_83,FAILED,,0.007147429001634009,,,,False,Combination violates rules,,,9d15e2b2-eb09-45ee-90e2-6c29a86da0ae
small_clients_vr_50_84,FAILED,,0.006951987998036202,,,,False,Requested features not provided,,,2a9ea4a2-debd-43b0-9206-fafef3b58aca
small_clients_vr_50_85,FAILED,,0.006996847005211748,,,,False,Combination violates rules,,,b1f29598-7135-460c-b605-8acbee61f3a1
small_clients_vr_50_86,FAILED,,0.00695079500292195,,,,False,Requested features not provided,,,1901f68c-9f55-4765-94dc-992feed4c8cc
small_clients_vr_50_87,FAILED,,0.0070970090018818155,,,,False,Requested features not provided,,,003b82c2-f5f5-47b6-80b3-b4fbdf7bf3be
small_clients_vr_50_88,FAILED,,0.007081272997311316,,,,False,Combination violates rules,,,3a71051a-09a6-497f-8d4b-ca1942ed7aab
small_clients_vr_50_89,FAILED,,0.007010157001786865,,,,False,Combination violates rules,,,9d03bc75-ddb4-4e16-b1ad-5b46cd4dfd49
small_clients_vr_50_90,FAILED,,0.007042896999337245,,,,False,Not sufficient Resources,,,d195fd85-8b8b-42fb-9399-6d383d76b752
small_clients_vr_50_91,FAILED,,0.006903957000758965,,,,False,Not sufficient Resources,,,d9f7078c-5145-4e6a-a001-ac6d659b6401
small_clients_vr_50_92,FAILED,,0.00689422099821968,,,,False,Requested features not provided,,,b8fe0795-e0f9-4e12-a08a-925aa55bdfd7
small_clients_vr_50_93,FAILED,,0.006838239001808688,,,,False,Combination violates rules,,,9b6c4b48-0dc2-4985-a05f-e8f1f99ec97b
small_clients_vr_50_94,FAILED,,0.006921947999217082,,,,False,Requested features not provided,,,59340c26-8387-41f5-b269-dbef429e27ce
small_clients_vr_50_95,FAILED,,0.006997369993769098,,,,False,Combination violates rules,,,76442959-1f3c-4e68-98ed-e3d02eca2389
small_clients_vr_50_96,FAILED,,0.0066240840023965575,,,,False,Requested features not provided,,,dda41b09-5a6f-46b4-999b-ec1812e38393
small_clients_vr_50_97,FAILED,,0.007042697994620539,,,,False,Combination violates rules,,,91ab765e-9897-46d3-8c51-f050c1a5d2f7
small_clients_vr_50_98,FAILED,,0.0067972769975312985,,,,False,Not sufficient Resources,,,d7640a93-25ec-4841-baba-a8560f25b087
small_clients_vr_50_99,FAILED,,0.006994312003371306,,,,False,Requested features not provided,,,634b7ca3-8495-4176-9e9a-e4245f10fa7a
small_clients_vr_75_0,FAILED,,0.006853794999187812,,,,False,Requested features not provided,,,14a97719-b8d4-4f3c-bb96-fc353fb3b134
small_clients_vr_75_1,FAILED,,0.007033760994090699,,,,False,Combination violates rules,,,51ac9f28-d8a4-4c82-965a-52cada81f3e7
small_clients_vr_75_2,FAILED,,0.00696370100195054,,,,False,Requested features not provided,,,9c911427-a28b-4eeb-a08b-46d7a886361e
small_clients_vr_75_3,FAILED,,0.007052876004308928,,,,False,Not sufficient Resources,,,6ec80150-f973-42ca-aa32-23c51b6d0d8b
small_clients_vr_75_4,FAILED,,0.007050593005260453,,,,False,Requested features not provided,,,39f0343e-bbe3-4545-8d26-7ee13e0154ff
small_clients_vr_75_5,FAILED,,0.0070670790009899065,,,,False,Combination violates rules,,,53c4c663-9b64-4a25-98e5-1433c6ff3ad6
small_clients_vr_75_6,FAILED,,0.0070061529986560345,,,,False,Requested features not provided,,,f1ddcdeb-b69d-4288-b477-5ed692c9a95d
small_clients_vr_75_7,FAILED,,0.006076354002289008,,,,False,Requested features not provided,,,3f46ddd2-0100-4a05-8200-63697046c5fb
small_clients_vr_75_8,FAILED,,0.006445612998504657,,,,False,Requested features not provided,,,9ddab318-d388-493c-a18b-8739fb45fd6f
small_clients_vr_75_9,FAILED,,0.006658473997958936,,,,False,Combination violates rules,,,14e9a9ab-4ea1-43c5-ae23-056692a83869
small_clients_vr_75_10,FAILED,,0.006651103998592589,,,,False,Not sufficient Resources,,,438648c2-d695-441a-a3eb-476fae84d742
small_clients_vr_75_11,FAILED,,0.006555824002134614,,,,False,Requested features not provided,,,3f1ce62e-5822-49bf-9ba2-d8024ae5cf63
small_clients_vr_75_12,FAILED,,0.006455417998949997,,,,False,Combination violates rules,,,6e3299ce-b966-4d27-a28a-8e5fdf1a0805
small_clients_vr_75_13,FAILED,,0.006691179994959384,,,,False,Requested features not provided,,,27197642-c47c-4765-92b5-3bc5f87c700c
small_clients_vr_75_14,FAILED,,0.006542646995512769,,,,False,Requested features not provided,,,3805c67e-37b3-44b6-80ab-bad23b5492a2
small_clients_vr_75_15,FAILED,,0.006459434000134934,,,,False,Combination violates rules,,,bf3c1e58-0958-429e-b816-d216b6c7655d
small_clients_vr_75_16,FAILED,,0.0064762890033307485,,,,False,Combination violates rules,,,a95b827e-865e-47d5-9286-ccc59eaee375
small_clients_vr_75_17,FAILED,,0.006504275996121578,,,,False,Requested features not provided,,,fe6a93e5-eccd-4528-8548-3a7b9084a3ca
small_clients_vr_75_18,FAILED,,0.0066354219961795025,,,,False,Combination violates rules,,,fc99b7f5-8dae-4936-84c5-13ae84798a2b
small_clients_vr_75_19,FAILED,,0.006575887004146352,,,,False,Combination violates rules,,,ad874af1-b4aa-46e1-ace3-74e457c14cbd
small_clients_vr_75_20,FAILED,,0.006730220004101284,,,,False,Combination violates rules,,,07ccc1cd-3b15-4202-9e2e-ab25af972de8
small_clients_vr_75_21,FAILED,,0.006682082996121608,,,,False,Combination violates rules,,,3d567edf-fcb6-4098-b668-84d0318407d0
small_clients_vr_75_22,FAILED,,0.0068673820060212165,,,,False,Combination violates rules,,,aef16cd0-5471-4f8f-8cf6-6cf5339e27d7
small_clients_vr_75_23,FAILED,,0.006828540004789829,,,,False,Combination violates rules,,,2939b654-891b-4b3c-95ae-914d595f122d
small_clients_vr_75_24,FAILED,,0.006577687003300525,,,,False,Combination violates rules,,,1e40e0ca-d488-45c1-abb0-181a25403fff
small_clients_vr_75_25,FAILED,,0.00665336599922739,,,,False,Combination violates rules,,,0efd9032-8c5b-481f-b78d-133312f04cb8
small_clients_vr_75_26,FAILED,,0.006531065002491232,,,,False,Requested features not provided,,,c519be9e-36ca-404e-979e-88bdf0524f14
small_clients_vr_75_27,FAILED,,0.006647477006481495,,,,False,Combination violates rules,,,c3b23beb-0af4-4933-a7af-66e45475f8a8
small_clients_vr_75_28,FAILED,,0.006553854997036979,,,,False,Combination violates rules,,,437072fd-2456-4dc8-8774-4bdc3b35091e
small_clients_vr_75_29,FAILED,,0.006893451005453244,,,,False,Requested features not provided,,,7c1b1072-c284-4f39-9fd2-1641cf979ffc
small_clients_vr_75_30,FAILED,,0.0066455649939598516,,,,False,Requested features not provided,,,9c8704f3-8a45-4d77-88fe-95a63163a91b
small_clients_vr_75_31,FAILED,,0.006634767996729352,,,,False,Combination violates rules,,,1c90ae7f-a32f-47a6-9a68-deebac1bf405
small_clients_vr_75_32,FAILED,,0.006637309001234826,,,,False,Combination violates rules,,,a25222bf-3f93-4d0c-9770-380919c9278f
small_clients_vr_75_33,FAILED,,0.006615804995817598,,,,False,Not sufficient Resources,,,a61be430-0ffe-4874-a3dc-372dff439f5b
small_clients_vr_75_34,FAILED,,0.006555444997502491,,,,False,Combination violates rules,,,4d19e4ed-8b1d-4c2f-b602-bc03e1917b6e
small_clients_vr_75_35,FAILED,,0.006751698994776234,,,,False,Combination violates rules,,,8d79d1ed-881e-4247-a231-33dc73681f79
small_clients_vr_75_36,FAILED,,0.006514829001389444,,,,False,Not sufficient Resources,,,092e8b29-1c08-4011-a57e-2a4c391e2323
small_clients_vr_75_37,FAILED,,0.006626058995607309,,,,False,Combination violates rules,,,a7c7a361-7222-4f1f-af4c-72b93940b1fd
small_clients_vr_75_38,FAILED,,0.006762024997442495,,,,False,Requested features not provided,,,9cfefb8b-3497-4ae3-a924-362369314ddb
small_clients_vr_75_39,FAILED,,0.006616967002628371,,,,False,Requested features not provided,,,768b7632-227d-4d80-adc4-1806d3cc8fea
small_clients_vr_75_40,FAILED,,0.006823559000622481,,,,False,Requested features not provided,,,bb96f4b5-b3e8-4213-a34e-86bc46a6f1f1
small_clients_vr_75_41,FAILED,,0.006706227999529801,,,,False,Requested features not provided,,,269b4ac3-291c-47d8-860a-18ae7db6a3c2
small_clients_vr_75_42,FAILED,,0.006736527000612114,,,,False,Requested features not provided,,,282c4952-fd8f-415e-88c3-86af6cb81c0a
small_clients_vr_75_43,FAILED,,0.0067039960049442016,,,,False,Combination violates rules,,,ab5956d8-d479-402c-baff-ecbe5aaeeec5
small_clients_vr_75_44,FAILED,,0.006547264005348552,,,,False,Combination violates rules,,,bb8fa7bb-7354-44aa-9f1d-eed29c3747a7
small_clients_vr_75_45,FAILED,,0.006617995000851806,,,,False,Requested features not provided,,,9dc91cf0-fb84-4e4d-966a-5a674a683b9a
small_clients_vr_75_46,FAILED,,0.006786671998270322,,,,False,Not sufficient Resources,,,a4f2685a-6e3e-4a06-874c-cf91f9ed0e57
small_clients_vr_75_47,FAILED,,0.006842690003395546,,,,False,Requested features not provided,,,e29aeac7-e24a-464e-9dfd-100979f16da0
small_clients_vr_75_48,FAILED,,0.0067088969954056665,,,,False,Combination violates rules,,,d054a585-fc43-44cc-a298-9702ad768c83
small_clients_vr_75_49,FAILED,,0.005901228003494907,,,,False,Combination violates rules,,,df7ccda8-d886-4fa9-999a-f04eb919121b
small_clients_vr_75_50,FAILED,,0.006565681003849022,,,,False,Combination violates rules,,,41b53296-4e35-477d-9397-cff42c775028
small_clients_vr_75_51,FAILED,,0.006667187000857666,,,,False,Requested features not provided,,,2ba35789-8c6c-4209-a0f0-6dfbac4011e8
small_clients_vr_75_52,FAILED,,0.0068288750044303015,,,,False,Combination violates rules,,,6cf120ae-b19a-476d-b504-da7e2b6edc30
small_clients_vr_75_53,FAILED,,0.006379988000844605,,,,False,Requested features not provided,,,d767e150-039c-4f92-ac18-600f201c3ce6
small_clients_vr_75_54,FAILED,,0.006677181001577992,,,,False,Requested features not provided,,,cde1e732-6cd1-4914-b8c2-fc4e5fa89dd1
small_clients_vr_75_55,FAILED,,0.006672720999631565,,,,False,Combination violates rules,,,7f36e9a8-8247-4b22-9f10-0215cce371a2
small_clients_vr_75_56,FAILED,,0.0067344019989832304,,,,False,Combination violates rules,,,e914cf09-e5f7-47d7-951f-cc18708bba48
small_clients_vr_75_57,FAILED,,0.0066309040048508905,,,,False,Combination violates rules,,,dfad2606-b3f5-46b5-b715-58d2479a8ec7
small_clients_vr_75_58,FAILED,,0.006733923000865616,,,,False,Requested features not provided,,,cd048f27-de6c-4670-9493-5ef5d5b67cec
small_clients_vr_75_59,FAILED,,0.006651478004641831,,,,False,Requested features not provided,,,76c54fc5-1d16-4b1f-9127-ddeafda1fc1c
small_clients_vr_75_60,FAILED,,0.00661446999583859,,,,False,Requested features not provided,,,9f23762a-7aba-4ae0-855a-7277cf5ab90c
small_clients_vr_75_61,FAILED,,0.006522518000565469,,,,False,Not sufficient Resources,,,1d6ec26f-38ba-438d-ac1c-93d6f9ed6090
small_clients_vr_75_62,FAILED,,0.006739821001247037,,,,False,Requested features not provided,,,34ec3e9a-5b84-4677-af73-d6968bb2ed3b
small_clients_vr_75_63,FAILED,,0.006690952002827544,,,,False,Combination violates rules,,,c498cdcf-86b0-44e8-8802-a0399e98d3b7
small_clients_vr_75_64,FAILED,,0.006682160994387232,,,,False,Requested features not provided,,,acdfbd60-b630-406d-a3a7-5409e4505c74
small_clients_vr_75_65,FAILED,,0.006641128995397594,,,,False,Requested features not provided,,,ed84460c-51e0-4f67-8835-399a0fd0966a
small_clients_vr_75_66,FAILED,,0.006928219001565594,,,,False,Combination violates rules,,,9674fb91-0b47-4093-aa6d-30705f7f6879
small_clients_vr_75_67,FAILED,,0.006718326003465336,,,,False,Combination violates rules,,,5bedad6a-b5bc-4e67-88d4-7f8c691358b9
small_clients_vr_75_68,FAILED,,0.0065586279961280525,,,,False,Combination violates rules,,,aef43228-7389-428f-af1e-343ecfb5be34
small_clients_vr_75_69,FAILED,,0.006596822997380514,,,,False,Combination violates rules,,,104f5bbc-f91b-4d05-a774-a4587e43f521
small_clients_vr_75_70,FAILED,,0.0065274660009890795,,,,False,Combination violates rules,,,510fdc23-05cd-4096-8843-afb7c78dad6c
small_clients_vr_75_71,FAILED,,0.0065508039988344535,,,,False,Requested features not provided,,,24d5b72b-ff55-461e-bd23-04052b800a11
small_clients_vr_75_72,FAILED,,0.006780158000765368,,,,False,Requested features not provided,,,045eee78-76e2-48d1-a99d-29913fa91b67
small_clients_vr_75_73,FAILED,,0.006526290999318007,,,,False,Combination violates rules,,,c0fb2858-acdb-45e1-bd27-1981ef2c4a3e
small_clients_vr_75_74,FAILED,,0.006697771001199726,,,,False,Combination violates rules,,,8a0c22ac-38f5-455f-a4da-cabd2918e890
small_clients_vr_75_75,FAILED,,0.006686667999019846,,,,False,Requested features not provided,,,8953f306-5f61-48af-9233-766c169c00bb
small_clients_vr_75_76,FAILED,,0.006531974002427887,,,,False,Requested features not provided,,,bbbbccfb-9634-408e-9a93-a910e4b9f343
small_clients_vr_75_77,FAILED,,0.006521283001347911,,,,False,Combination violates rules,,,ef33675b-4b00-4d83-9a64-deaf5c9800c9
small_clients_vr_75_78,FAILED,,0.006467810999311041,,,,False,Not sufficient Resources,,,9c18de6b-774e-4418-b410-9ba39eba5e52
small_clients_vr_75_79,FAILED,,0.006757616996765137,,,,False,Combination violates rules,,,cbbc4762-9945-4283-83e4-05574ba4b338
small_clients_vr_75_80,FAILED,,0.00656846600031713,,,,False,Combination violates rules,,,1151c463-8d79-49c0-b42b-da4c50e4376f
small_clients_vr_75_81,FAILED,,0.006681534003291745,,,,False,Combination violates rules,,,e101a823-a101-4918-9822-b2ab53168b7b
small_clients_vr_75_82,FAILED,,0.006824153999332339,,,,False,Combination violates rules,,,7d00705b-9ce5-4a55-915e-29c38cce54a5
small_clients_vr_75_83,FAILED,,0.006952718002139591,,,,False,Requested features not provided,,,5abd6aaa-777d-44e0-97df-a3e651a628d6
small_clients_vr_75_84,FAILED,,0.006629538998822682,,,,False,Combination violates rules,,,a34bb62f-478d-46e9-a89c-607a777f0230
small_clients_vr_75_85,FAILED,,0.006637007994868327,,,,False,Not sufficient Resources,,,c5770038-40db-414f-b83d-cb2786f1704c
small_clients_vr_75_86,FAILED,,0.006697134995192755,,,,False,Combination violates rules,,,c40812ed-fbc8-484c-89b8-b7059e3ca1f3
small_clients_vr_75_87,FAILED,,0.006517501002235804,,,,False,Not sufficient Resources,,,b09ad548-c487-4c91-8283-9b1369712d92
small_clients_vr_75_88,FAILED,,0.006517825000628363,,,,False,Combination violates rules,,,1dcce3bd-8a99-4969-a584-742065d5fb4b
small_clients_vr_75_89,FAILED,,0.006709891997161321,,,,False,Combination violates rules,,,7084c5bf-aa49-4855-b4e8-648af95085ce
small_clients_vr_75_90,FAILED,,0.006604224996408448,,,,False,Requested features not provided,,,79ac38fd-0eca-491e-b38c-cdf0c1b4720c
small_clients_vr_75_91,FAILED,,0.0067054190003545955,,,,False,Combination violates rules,,,2dd3f616-9b80-4676-9afa-e8e1fb4f5bb0
small_clients_vr_75_92,FAILED,,0.006540493995998986,,,,False,Requested features not provided,,,bf18e8f7-31e9-4904-8958-95b1ab258771
small_clients_vr_75_93,FAILED,,0.00648757800081512,,,,False,Combination violates rules,,,b69790b9-4c08-467d-9c25-ad2db2b7499e
small_clients_vr_75_94,FAILED,,0.006624214998737443,,,,False,Combination violates rules,,,60bea4dc-f7b4-4291-9acc-1e20c7ad6467
small_clients_vr_75_95,FAILED,,0.006768578998162411,,,,False,Requested features not provided,,,b8954f3f-ee9f-4c27-9af0-545724aa68f0
small_clients_vr_75_96,FAILED,,0.006642653999733739,,,,False,Combination violates rules,,,26246588-58ce-498f-adc5-83be956bc434
small_clients_vr_75_97,FAILED,,0.006683847997919656,,,,False,Not sufficient Resources,,,c62b5702-956d-499a-9516-cb4b38db0ba5
small_clients_vr_75_98,FAILED,,0.006670432005194016,,,,False,Requested features not provided,,,08192bb2-9124-46cf-9371-52878d4e305c
small_clients_vr_75_99,FAILED,,0.006713672999467235,,,,False,Combination violates rules,,,a13d5e2a-bed8-4808-b1bc-8487a0012d77
small_clients_vr_100_0,FAILED,,0.006441363999329042,,,,False,Combination violates rules,,,5421f8c9-a56c-45ec-93c4-734e26696384
small_clients_vr_100_1,FAILED,,0.006626390997553244,,,,False,Requested features not provided,,,a230eeae-a82b-48ce-8829-61682b233aed
small_clients_vr_100_2,FAILED,,0.006667579000350088,,,,False,Requested features not provided,,,d820118a-fe21-413f-92e8-16bb9009f488
small_clients_vr_100_3,FAILED,,0.006777421003789641,,,,False,Combination violates rules,,,486215f4-0589-4690-bc3a-5146aa92e26a
small_clients_vr_100_4,FAILED,,0.006786550999095198,,,,False,Combination violates rules,,,0bd592ee-cf5e-4ac9-b63b-a04b3680b4e4
small_clients_vr_100_5,FAILED,,0.006777114998840261,,,,False,Combination violates rules,,,6057310d-da11-41ae-8df9-c95dca4e0ac9
small_clients_vr_100_6,FAILED,,0.006617923005251214,,,,False,Not sufficient Resources,,,bff2f174-7383-474f-b3fd-b1a20bacf15c
small_clients_vr_100_7,FAILED,,0.00687829899834469,,,,False,Not sufficient Resources,,,1fe7211d-529a-4c79-8a0b-688b9ce0ed76
small_clients_vr_100_8,FAILED,,0.006682148996333126,,,,False,Requested features not provided,,,49812150-e369-4f94-ae6b-a06b269232ad
small_clients_vr_100_9,FAILED,,0.006590017001144588,,,,False,Not sufficient Resources,,,95dac7b1-f30e-4b7b-b280-b534b355d111
small_clients_vr_100_10,FAILED,,0.006702523001877125,,,,False,Requested features not provided,,,2d225ee2-643a-4d28-a2e8-9ee3b9e9ca54
small_clients_vr_100_11,FAILED,,0.006510314000479411,,,,False,Combination violates rules,,,447c9c74-15e0-4858-9c9b-258055b1dd36
small_clients_vr_100_12,FAILED,,0.00654241399752209,,,,False,Requested features not provided,,,f91f7fe7-e730-4f6c-ae92-1b672c64e8b1
small_clients_vr_100_13,FAILED,,0.006831300997873768,,,,False,Requested features not provided,,,c3c34239-6e3a-4990-a5f1-acbb50b60510
small_clients_vr_100_14,FAILED,,0.0064120099996216595,,,,False,Combination violates rules,,,0732a17d-ae92-4900-9c17-59c78e2448bd
small_clients_vr_100_15,FAILED,,0.006469177002145443,,,,False,Combination violates rules,,,1ecf6bac-4b68-4efd-b790-e481ff104754
small_clients_vr_100_16,FAILED,,0.00663549800083274,,,,False,Combination violates rules,,,63856d25-29dd-470e-9768-07729fc17fe7
small_clients_vr_100_17,FAILED,,0.006641216998104937,,,,False,Combination violates rules,,,3f40de33-c68a-45c1-82c2-d3f804aac443
small_clients_vr_100_18,FAILED,,0.006439201002649497,,,,False,Not sufficient Resources,,,f66197cb-8445-4ff9-868b-93aa6dc5a018
small_clients_vr_100_19,FAILED,,0.00658872500207508,,,,False,Combination violates rules,,,d50cb6d2-7ed3-4e9f-9cf3-335ffff05a76
small_clients_vr_100_20,FAILED,,0.006731219997163862,,,,False,Combination violates rules,,,a32a1f32-587f-43b2-a542-d4e2f47e89ef
small_clients_vr_100_21,FAILED,,0.006683449995762203,,,,False,Requested features not provided,,,8dde978d-af26-48e8-86e1-b97aa1f8ef02
small_clients_vr_100_22,FAILED,,0.006589941003767308,,,,False,Requested features not provided,,,3ced7084-c3e1-4ce0-a61c-b637446ad52f
small_clients_vr_100_23,FAILED,,0.006768211998860352,,,,False,Requested features not provided,,,6cd8af3e-5eae-4af9-a9d8-b71659c97e63
small_clients_vr_100_24,FAILED,,0.006549159006681293,,,,False,Combination violates rules,,,6735773d-698e-483d-bea3-4687c902d093
small_clients_vr_100_25,FAILED,,0.006797271998948418,,,,False,Combination violates rules,,,66140e46-bbcf-4352-a6ce-a792ab41195a
small_clients_vr_100_26,FAILED,,0.0067918510030722246,,,,False,Combination violates rules,,,8cfad870-cb20-4b94-91f4-9b12846e802c
small_clients_vr_100_27,FAILED,,0.006387779998476617,,,,False,Requested features not provided,,,02e615ad-d673-42eb-ad0f-f24d0429246c
small_clients_vr_100_28,FAILED,,0.0066094790017814375,,,,False,Requested features not provided,,,fbcbba20-1d4e-4c59-8881-45ef33072243
small_clients_vr_100_29,FAILED,,0.006252228005905636,,,,False,Combination violates rules,,,a57780f8-27d5-4656-b990-47d0c726ef84
small_clients_vr_100_30,FAILED,,0.006543427996803075,,,,False,Requested features not provided,,,e36e96c9-4067-4df4-8c37-1a9366e5a697
small_clients_vr_100_31,FAILED,,0.006677347999357153,,,,False,Requested features not provided,,,11bc0737-b93e-49a3-83a4-4277660cb289
small_clients_vr_100_32,FAILED,,0.006533879997732583,,,,False,Combination violates rules,,,61a785bf-733c-4979-896c-b20bbb2a180a
small_clients_vr_100_33,FAILED,,0.006749615000444464,,,,False,Combination violates rules,,,27229eff-be2f-474f-a895-eb3865711a1f
small_clients_vr_100_34,FAILED,,0.00677647100383183,,,,False,Combination violates rules,,,c6976f55-de8c-4afa-84e8-ffd58972c816
small_clients_vr_100_35,FAILED,,0.006505684003059287,,,,False,Requested features not provided,,,30d71a64-8079-4a1e-a46d-8fb26b1da06c
small_clients_vr_100_36,FAILED,,0.0065248660030192696,,,,False,Combination violates rules,,,955f7fcf-180b-4980-ba5e-39771d375537
small_clients_vr_100_37,FAILED,,0.0067250179999973625,,,,False,Requested features not provided,,,cd73bd9e-771f-4b96-be47-e8e19232e6dd
small_clients_vr_100_38,FAILED,,0.0068195350031601265,,,,False,Requested features not provided,,,2073d4e1-98e6-46d6-b315-59d602e9cc2c
small_clients_vr_100_39,FAILED,,0.006498765003925655,,,,False,Requested features not provided,,,d8b11a07-7d28-4a3a-855b-02b4d58fb62a
small_clients_vr_100_40,FAILED,,0.006553811996127479,,,,False,Requested features not provided,,,50fd5f73-1a1a-4c44-aa28-0edc4fefd676
small_clients_vr_100_41,FAILED,,0.006570204001036473,,,,False,Combination violates rules,,,06c5b907-8616-482b-9011-502bc92837c1
small_clients_vr_100_42,FAILED,,0.006751373002771288,,,,False,Combination violates rules,,,e8ac099e-0d94-4aca-b092-2ffac0a52e71
small_clients_vr_100_43,FAILED,,0.006655003999185283,,,,False,Combination violates rules,,,ccfd3404-3e49-4f14-b6d0-5f2d005c278f
small_clients_vr_100_44,FAILED,,0.006624440000450704,,,,False,Combination violates rules,,,040098b6-2ced-411f-ab93-f242f4e1cfee
small_clients_vr_100_45,FAILED,,0.006792633001168724,,,,False,Requested features not provided,,,03de6e2b-acf0-4257-9af7-9e89dcf5dbfc
small_clients_vr_100_46,FAILED,,0.006807978003052995,,,,False,Combination violates rules,,,938e49a5-a5da-47d0-b17e-bfa4289795be
small_clients_vr_100_47,FAILED,,0.006670298003882635,,,,False,Combination violates rules,,,2af294e1-a58d-499b-baf7-4bd7b808cfe6
small_clients_vr_100_48,FAILED,,0.006539848000102211,,,,False,Combination violates rules,,,ab4a3b5b-60e5-422b-a980-dc899f4a45c2
small_clients_vr_100_49,FAILED,,0.006659012004092801,,,,False,Requested features not provided,,,ace657df-ec50-4c64-a745-42735a115653
small_clients_vr_100_50,FAILED,,0.0063695260032545775,,,,False,Combination violates rules,,,82101705-0a6c-41aa-89cd-c27442ae09dc
small_clients_vr_100_51,FAILED,,0.006483956996817142,,,,False,Combination violates rules,,,ca60f1cb-c60c-437b-86ee-6e497a1d820c
small_clients_vr_100_52,FAILED,,0.006555255997227505,,,,False,Not sufficient Resources,,,9dd62d4e-d151-4539-aedd-d27882f8af61
small_clients_vr_100_53,FAILED,,0.006648186004895251,,,,False,Combination violates rules,,,acc9f4be-e79f-43a0-9b49-2ba54c50b6c8
small_clients_vr_100_54,FAILED,,0.0066153289953945205,,,,False,Combination violates rules,,,5e7851a0-ba24-4076-a167-c6c8143d1537
small_clients_vr_100_55,FAILED,,0.006568841999978758,,,,False,Combination violates rules,,,0cf82364-7614-445b-bafd-0e5c09471a1d
small_clients_vr_100_56,FAILED,,0.006702922997646965,,,,False,Combination violates rules,,,b67f4484-4596-40ec-9de6-5199eff27fa4
small_clients_vr_100_57,FAILED,,0.006700666002871003,,,,False,Requested features not provided,,,43505e82-f3d5-43b4-9f12-be44d3241be6
small_clients_vr_100_58,FAILED,,0.006702038001094479,,,,False,Requested features not provided,,,5a0eb2a8-0992-48a7-bb82-0f59d338a4f9
small_clients_vr_100_59,FAILED,,0.006647216003329959,,,,False,Requested features not provided,,,26e353ce-d46c-4e2f-94cb-c6b6ea650a19
small_clients_vr_100_60,FAILED,,0.006415928000933491,,,,False,Not sufficient Resources,,,c7fe98e3-f36e-4268-961c-2e13c74844cc
small_clients_vr_100_61,FAILED,,0.006699277997540776,,,,False,Combination violates rules,,,d95884c5-db13-4f40-847b-07b8743fed23
small_clients_vr_100_62,FAILED,,0.006469043997640256,,,,False,Requested features not provided,,,8d6a8b3a-b286-46e3-8d76-0706f5f2bf7a
small_clients_vr_100_63,FAILED,,0.006532049999805167,,,,False,Combination violates rules,,,895b9322-75a8-400c-8cff-2c0ec840aad3
small_clients_vr_100_64,FAILED,,0.006704733998049051,,,,False,Combination violates rules,,,549a1324-b34d-4d76-a1a3-ff5db4a8b878
small_clients_vr_100_65,FAILED,,0.006718782999087125,,,,False,Combination violates rules,,,69782abb-37dc-4fb1-b583-f565338d2699
small_clients_vr_100_66,FAILED,,0.006741391996911261,,,,False,Requested features not provided,,,38c50f00-19ea-4368-9a64-45aa9f968057
small_clients_vr_100_67,FAILED,,0.006727823994879145,,,,False,Combination violates rules,,,c4f8b7ba-2888-4c0c-b304-14da4d1d713f
small_clients_vr_100_68,FAILED,,0.007050994005112443,,,,False,Requested features not provided,,,cd4bb105-e906-4ad1-a0e0-b4e25dbf505b
small_clients_vr_100_69,FAILED,,0.006761566000932362,,,,False,Requested features not provided,,,f96e599e-f268-481a-8241-150377ecb084
small_clients_vr_100_70,FAILED,,0.006934634002391249,,,,False,Not sufficient Resources,,,b11f0bbc-89fc-480e-9000-3842cd7e912a
small_clients_vr_100_71,FAILED,,0.006941627005289774,,,,False,Requested features not provided,,,7ad0f074-f692-4bb9-8d07-5037ca35fdce
small_clients_vr_100_72,FAILED,,0.006976965996727813,,,,False,Requested features not provided,,,cf34088f-da2b-4642-b6af-911d0df21e95
small_clients_vr_100_73,FAILED,,0.0070735009940108284,,,,False,Combination violates rules,,,f497c2b7-ac56-4a63-a8bc-24cb6c753530
small_clients_vr_100_74,FAILED,,0.007127190001483541,,,,False,Combination violates rules,,,b0f635c1-f550-456e-b4cb-b04c53bb47d5
small_clients_vr_100_75,FAILED,,0.007100747003278229,,,,False,Requested features not provided,,,76fc7716-b843-41b7-b549-36d64c76be76
small_clients_vr_100_76,FAILED,,0.007093205000273883,,,,False,Requested features not provided,,,2baf44f2-3481-4c87-a63c-b087db57f801
small_clients_vr_100_77,FAILED,,0.0070793609993415885,,,,False,Combination violates rules,,,6378a343-983d-4ecb-b5c4-576b6741c679
small_clients_vr_100_78,FAILED,,0.0070873250006115995,,,,False,Combination violates rules,,,c336edec-ed2b-4e0d-9738-b406cf70be92
small_clients_vr_100_79,FAILED,,0.007162246001826134,,,,False,Combination violates rules,,,b1f6fe0e-8339-4390-8fbd-6680972ec980
small_clients_vr_100_80,FAILED,,0.0072952410046127625,,,,False,Combination violates rules,,,434e0c23-5da0-426f-9b76-4d9aabd7ba19
small_clients_vr_100_81,FAILED,,0.007256675002281554,,,,False,Combination violates rules,,,aedca1a2-8ecd-4633-b1e4-8dcb60861e59
small_clients_vr_100_82,FAILED,,0.007466855997336097,,,,False,Requested features not provided,,,3d90c5b0-bf3e-40f4-9323-70736b2e5e84
small_clients_vr_100_83,FAILED,,0.007300590004888363,,,,False,Requested features not provided,,,a802e2d2-fd16-4ce2-b086-0db414bf46ee
small_clients_vr_100_84,FAILED,,0.0070875269957468845,,,,False,Requested features not provided,,,3f1c3296-30c9-4512-a38c-1b78aa93c031
small_clients_vr_100_85,FAILED,,0.007300388999283314,,,,False,Combination violates rules,,,8d26aa63-af87-4487-8fea-d2f9a29448b1
small_clients_vr_100_86,FAILED,,0.007345101999817416,,,,False,Requested features not provided,,,38d63bc7-283e-439c-8bfe-e7105363c44c
small_clients_vr_100_87,FAILED,,0.007287020001967903,,,,False,Combination violates rules,,,4048127b-1161-40a1-8654-87b892b8f9fc
small_clients_vr_100_88,FAILED,,0.007311638997634873,,,,False,Combination violates rules,,,d2d4e6ea-b1ab-4e75-872d-74602bd170e9
small_clients_vr_100_89,FAILED,,0.0073550029992475174,,,,False,Combination violates rules,,,4c06e05a-b532-4e02-8a30-f261d11be8d8
small_clients_vr_100_90,FAILED,,0.0072804770024959,,,,False,Requested features not provided,,,b43a4cdd-a1de-40ca-aa36-96259538b7c0
small_clients_vr_100_91,FAILED,,0.007167906005633995,,,,False,Combination violates rules,,,5309d5fa-de00-4acc-9940-ed14bac66c5d
small_clients_vr_100_92,FAILED,,0.007463527996151242,,,,False,Not sufficient Resources,,,df0c9699-1b77-4a41-93a8-89b0d2113789
small_clients_vr_100_93,FAILED,,0.0070729520011809655,,,,False,Requested features not provided,,,54d8a032-d8f8-49be-ab6a-bd788f6f2cd9
small_clients_vr_100_94,FAILED,,0.007025488004728686,,,,False,Combination violates rules,,,9f349351-d5b9-4590-acb1-4bbec23c2580
small_clients_vr_100_95,FAILED,,0.0072252800018759444,,,,False,Requested features not provided,,,8a665d89-73a0-431c-b285-f1bb1baa5596
small_clients_vr_100_96,FAILED,,0.007060363997879904,,,,False,Requested features not provided,,,30eb984c-7bdd-4b1d-915b-f5598603d641
small_clients_vr_100_97,FAILED,,0.0069950540055288,,,,False,Requested features not provided,,,5b41f429-e430-4333-9340-d48054daba42
small_clients_vr_100_98,FAILED,,0.007262202998390421,,,,False,Combination violates rules,,,60e50f7a-a2c3-49c4-b8a6-d7cfbead58cf
small_clients_vr_100_99,FAILED,,0.007428025994158816,,,,False,Combination violates rules,,,d9a7a53f-d7ea-4d1c-ae54-bcce868ec049
small_devices_robot_5_0,FAILED,,0.006009573997289408,,,,False,Requested features not provided,,,f36611bb-1ebb-4462-8ba2-d6a199d52481
small_devices_robot_5_1,FAILED,,0.005973922998236958,,,,False,Requested features not provided,,,d6f50d8c-80cb-4a2b-98cb-6893fafb52a9
small_devices_robot_5_2,FAILED,,0.0060111080019851215,,,,False,Requested features not provided,,,61a1a701-d192-4f2f-a63e-675f01a787ae
small_devices_robot_5_3,FAILED,,0.006101038998167496,,,,False,Requested features not provided,,,8fbb3f7f-e73a-4516-96a5-4f4fff5118a2
small_devices_robot_5_4,FAILED,,0.005890647997148335,,,,False,Requested features not provided,,,15526a63-412c-44af-a69f-1bf02e9b3d93
small_devices_robot_5_5,FAILED,,0.006010832999891136,,,,False,Requested features not provided,,,0b18aff2-710e-4a11-b231-682755d0840e
small_devices_robot_5_6,FAILED,,0.00598341000295477,,,,False,Requested features not provided,,,1d016913-280b-403b-b430-d36c2a08ff9d
small_devices_robot_5_7,FAILED,,0.006119001998740714,,,,False,Requested features not provided,,,e340ebe5-e0af-411f-bfe6-0575941744fa
small_devices_robot_5_8,FAILED,,0.005811964001622982,,,,False,Requested features not provided,,,d3776262-5e71-43a1-adf6-e90ec76344fa
small_devices_robot_5_9,FAILED,,0.006010623001202475,,,,False,Requested features not provided,,,9954e570-c6c4-4eeb-9f4a-8dd0af466010
small_devices_robot_5_10,FAILED,,0.006012320001900662,,,,False,Requested features not provided,,,45ad7375-413b-4ac2-b11d-634bd92e359e
small_devices_robot_5_11,FAILED,,0.006087385001592338,,,,False,Requested features not provided,,,bf9feef8-9a30-431a-ab58-6ceb211243cf
small_devices_robot_5_12,FAILED,,0.006027812996762805,,,,False,Requested features not provided,,,25922701-5d68-4381-b994-a1464b49a9af
small_devices_robot_5_13,FAILED,,0.005869292996067088,,,,False,Requested features not provided,,,5dcc16fc-b09e-4b5e-b4d9-a2dc5268bafa
small_devices_robot_5_14,FAILED,,0.006014077000145335,,,,False,Requested features not provided,,,3511ec02-d20d-433b-b301-946a69b7806e
small_devices_robot_5_15,FAILED,,0.0060096619999967515,,,,False,Requested features not provided,,,2fe3519e-4727-402f-9f6c-b8b9ba0d446e
small_devices_robot_5_16,FAILED,,0.006198340000992175,,,,False,Requested features not provided,,,7176e2dd-871f-4393-a4d9-915d4e9e6a7a
small_devices_robot_5_17,FAILED,,0.006271666003158316,,,,False,Requested features not provided,,,962affd6-573c-4ab6-b16a-b9d47d71e8e3
small_devices_robot_5_18,FAILED,,0.006205480996868573,,,,False,Requested features not provided,,,6d041b9a-75f2-46dd-ae4b-ae9059047048
small_devices_robot_5_19,FAILED,,0.006063681001251098,,,,False,Requested features not provided,,,8e715e0c-e777-42e2-9559-45b9c7a8b61d
small_devices_robot_5_20,FAILED,,0.0060290359979262576,,,,False,Requested features not provided,,,e439d8a1-fa3c-4fcd-98c0-5997588da777
small_devices_robot_5_21,FAILED,,0.005996840001898818,,,,False,Requested features not provided,,,a2208a78-7cbd-47a3-b9fe-53fbe344941e
small_devices_robot_5_22,FAILED,,0.006031999000697397,,,,False,Requested features not provided,,,4566ab8d-94c9-4b11-8463-765f42be860e
small_devices_robot_5_23,FAILED,,0.0061397230019792914,,,,False,Requested features not provided,,,a1dbd5f5-255b-4cb8-95b7-ff98889cc495
small_devices_robot_5_24,FAILED,,0.006056357997294981,,,,False,Requested features not provided,,,8dcb78b0-ac1b-4abd-8c38-23d03317a5e1
small_devices_robot_5_25,FAILED,,0.006113796996942256,,,,False,Requested features not provided,,,b76ae5b5-3edf-449b-bf72-0fbbabf27e37
small_devices_robot_5_26,FAILED,,0.006018501000653487,,,,False,Requested features not provided,,,92aa1736-1044-422f-b62e-539b4b8a5f63
small_devices_robot_5_27,FAILED,,0.005930746003286913,,,,False,Requested features not provided,,,f1a7e814-46f1-46dd-a473-8cd95c2a4445
small_devices_robot_5_28,FAILED,,0.005987605996779166,,,,False,Requested features not provided,,,7c68e86e-1724-4b4a-b17c-393ab2f0dc7d
small_devices_robot_5_29,FAILED,,0.006094021002354566,,,,False,Requested features not provided,,,6671f677-cdb3-4248-8884-1d83f89a2bd5
small_devices_robot_5_30,FAILED,,0.006029721997037996,,,,False,Requested features not provided,,,2c29104f-f627-4e61-b003-d67f3cb0600b
small_devices_robot_5_31,FAILED,,0.005960839000181295,,,,False,Requested features not provided,,,2cd81a95-6fdc-40b5-9755-3ff770148afc
small_devices_robot_5_32,FAILED,,0.006144885999674443,,,,False,Requested features not provided,,,53ae0b10-15a4-4016-a03e-56b8bd86a95b
small_devices_robot_5_33,FAILED,,0.006036154001776595,,,,False,Requested features not provided,,,9b55ff77-2d57-4056-b863-5d24712ad5b6
small_devices_robot_5_34,FAILED,,0.006017491003149189,,,,False,Requested features not provided,,,509b3807-66b0-4b52-a171-87eefc4ac6f2
small_devices_robot_5_35,FAILED,,0.006021303997840732,,,,False,Requested features not provided,,,b05cf2e5-1127-4a1d-8d00-8daf78a4c875
small_devices_robot_5_36,FAILED,,0.00608334899879992,,,,False,Requested features not provided,,,e32ec49d-37a1-417d-bb87-31bcc93e2338
small_devices_robot_5_37,FAILED,,0.006038759005605243,,,,False,Requested features not provided,,,2341c470-28e4-4d9f-9532-8d1e849f53b9
small_devices_robot_5_38,FAILED,,0.006037481005478185,,,,False,Requested features not provided,,,aac9a330-fb99-47d3-9591-fb20697f79cb
small_devices_robot_5_39,FAILED,,0.006110745998739731,,,,False,Requested features not provided,,,2a650b09-cb39-4e13-a7ef-149f1e1a5888
small_devices_robot_5_40,FAILED,,0.006124918996647466,,,,False,Requested features not provided,,,423e3c89-e349-4a9f-91c1-5880fee40989
small_devices_robot_5_41,FAILED,,0.006012220001139212,,,,False,Requested features not provided,,,a2849039-3dd1-4dd4-9ff2-a76843151000
small_devices_robot_5_42,FAILED,,0.005995379004161805,,,,False,Requested features not provided,,,f05cad1a-f26f-47a5-8e84-c3ebdc8ffd63
small_devices_robot_5_43,FAILED,,0.00599776599847246,,,,False,Requested features not provided,,,ea0518bf-8529-49df-9159-7b64892b9016
small_devices_robot_5_44,FAILED,,0.006156197996460833,,,,False,Requested features not provided,,,2fe97392-8d3b-46ff-a3d1-5a4a285bbd27
small_devices_robot_5_45,FAILED,,0.0060301069970591925,,,,False,Requested features not provided,,,56ce8c97-c9a6-4b90-a880-412f21771cc6
small_devices_robot_5_46,FAILED,,0.005955246000667103,,,,False,Requested features not provided,,,607d3ad1-a560-4dc9-8eff-744b6f8704d2
small_devices_robot_5_47,FAILED,,0.006053559001884423,,,,False,Requested features not provided,,,d83227a4-b658-433c-9d20-ae6dcc83d986
small_devices_robot_5_48,FAILED,,0.006043883004167583,,,,False,Requested features not provided,,,20509bdf-a2bf-4da7-9480-76664ecf5c20
small_devices_robot_5_49,FAILED,,0.006093559000873938,,,,False,Requested features not provided,,,cfac35a5-89e1-48a2-8f27-cdc2859554a4
small_devices_robot_5_50,FAILED,,0.005982891998428386,,,,False,Requested features not provided,,,ddd89469-9da8-40a8-868c-7d0d1ba6362a
small_devices_robot_5_51,FAILED,,0.006049524999980349,,,,False,Requested features not provided,,,811aa7c6-30c2-4b89-b89f-d1a04b362211
small_devices_robot_5_52,FAILED,,0.006058801998733543,,,,False,Requested features not provided,,,cbee9b12-45e8-44e6-a9c0-2db29ce5646f
small_devices_robot_5_53,FAILED,,0.006155085997306742,,,,False,Requested features not provided,,,6b99ff2d-9599-41c9-8a79-57c3098e03f6
small_devices_robot_5_54,FAILED,,0.005904126999666914,,,,False,Requested features not provided,,,05e70a64-0dfe-4c31-b898-dc3c4ae6f7e4
small_devices_robot_5_55,FAILED,,0.0058357969974167645,,,,False,Requested features not provided,,,8c8057a0-1ed8-4faf-9b1d-f064ff208bc9
small_devices_robot_5_56,FAILED,,0.005855684001289774,,,,False,Requested features not provided,,,8c887db5-4c55-4a52-b627-47d47c461991
small_devices_robot_5_57,FAILED,,0.005868275999091566,,,,False,Requested features not provided,,,b56f32a3-6a71-4372-97b2-ba2c371a07e8
small_devices_robot_5_58,FAILED,,0.0058247439956176095,,,,False,Requested features not provided,,,43093e4d-1845-441a-97a2-20e4b581e1c7
small_devices_robot_5_59,FAILED,,0.005857919000845868,,,,False,Requested features not provided,,,75262256-738b-41af-8122-91e0597843c1
small_devices_robot_5_60,FAILED,,0.005806626002595294,,,,False,Requested features not provided,,,36f24e46-a011-423e-822f-f2eef5bc1bd6
small_devices_robot_5_61,FAILED,,0.005810460999782663,,,,False,Requested features not provided,,,f4b91176-58f9-4b09-a974-e5cc36452ec7
small_devices_robot_5_62,FAILED,,0.00586230000044452,,,,False,Requested features not provided,,,7656da11-01c9-4cfe-94c5-b266cc882165
small_devices_robot_5_63,FAILED,,0.005750727003032807,,,,False,Requested features not provided,,,cd4430eb-a2cd-4430-aefa-01570bcd3b4a
small_devices_robot_5_64,FAILED,,0.005925543999182992,,,,False,Requested features not provided,,,e13fc394-5c4e-4a3d-a0f8-7aca09566625
small_devices_robot_5_65,FAILED,,0.005878905001736712,,,,False,Requested features not provided,,,0a9bb25b-b61c-4d16-88a1-b55a0a1a9801
small_devices_robot_5_66,FAILED,,0.0058679079957073554,,,,False,Requested features not provided,,,c476acf5-d3ec-424e-9052-3890e73798b4
small_devices_robot_5_67,FAILED,,0.00574514100298984,,,,False,Requested features not provided,,,fac603aa-64b2-4c3b-9f2e-76c8ee27a49d
small_devices_robot_5_68,FAILED,,0.005936273002589587,,,,False,Requested features not provided,,,2b887a41-ec16-441a-a0d3-520972175ba5
small_devices_robot_5_69,FAILED,,0.0057500819966662675,,,,False,Requested features not provided,,,c08839d6-2d4c-4ba2-807b-82221c40d6d4
small_devices_robot_5_70,FAILED,,0.00565935699705733,,,,False,Requested features not provided,,,00f9710b-f6c2-4de3-a248-825021939188
small_devices_robot_5_71,FAILED,,0.006032764998963103,,,,False,Requested features not provided,,,e84eb00b-719a-4b66-ae8d-e96247d51d8f
small_devices_robot_5_72,FAILED,,0.005861214995093178,,,,False,Requested features not provided,,,2dde5511-2257-4d6c-b033-e5ef702eabab
small_devices_robot_5_73,FAILED,,0.005846966996614356,,,,False,Requested features not provided,,,9fdb95d7-97e7-405c-9337-a27f34a8d9dd
small_devices_robot_5_74,FAILED,,0.005871836001460906,,,,False,Requested features not provided,,,47c6eb92-b815-4d73-8014-f0da53cf4ef1
small_devices_robot_5_75,FAILED,,0.005766098001913633,,,,False,Requested features not provided,,,fb03e525-8b16-4b1a-9875-1c24d26e7786
small_devices_robot_5_76,FAILED,,0.0058253050010534935,,,,False,Requested features not provided,,,0a7c8d60-fc8a-4573-a8a5-d9185a979dc8
small_devices_robot_5_77,FAILED,,0.005855414005054627,,,,False,Requested features not provided,,,e7b5e4ff-6b8d-4579-9e2e-137f5212a5ff
small_devices_robot_5_78,FAILED,,0.005836604999785777,,,,False,Requested features not provided,,,23f867ac-0d0f-4ff7-9d01-28d97224d99d
small_devices_robot_5_79,FAILED,,0.005733209996833466,,,,False,Requested features not provided,,,956fe73d-bedb-4f0b-9dc7-9efe70c6aaa5
small_devices_robot_5_80,FAILED,,0.005789728995296173,,,,False,Requested features not provided,,,31f61a8b-070a-4cbd-9caf-6cae48121f8b
small_devices_robot_5_81,FAILED,,0.005849050998222083,,,,False,Requested features not provided,,,97a0dddc-0795-4ee8-a4a8-0b98938382d3
small_devices_robot_5_82,FAILED,,0.005845938001584727,,,,False,Requested features not provided,,,7f94d40a-8b3b-4256-a5b7-c1ae3f72bdba
small_devices_robot_5_83,FAILED,,0.0057615539990365505,,,,False,Requested features not provided,,,264094aa-bdd4-4f9c-8d9f-d45aba9af582
small_devices_robot_5_84,FAILED,,0.005753741002990864,,,,False,Requested features not provided,,,568230fe-8cb1-41b2-b6b3-72004c6211b8
small_devices_robot_5_85,FAILED,,0.0060074549983255565,,,,False,Requested features not provided,,,dbff0462-965a-4111-acbe-a01abe98cbeb
small_devices_robot_5_86,FAILED,,0.006034538004314527,,,,False,Requested features not provided,,,37a0d64b-4329-42bb-8c42-3189cc8aa70f
small_devices_robot_5_87,FAILED,,0.006061341999156866,,,,False,Requested features not provided,,,fdc92449-73df-4ba7-88da-5f2926af1b99
small_devices_robot_5_88,FAILED,,0.0059777830028906465,,,,False,Requested features not provided,,,58a37f66-adcb-4e72-8688-d129a5ae9d73
small_devices_robot_5_89,FAILED,,0.006074946002627257,,,,False,Requested features not provided,,,6478d148-4bf1-44ad-8069-3b72b75496e8
small_devices_robot_5_90,FAILED,,0.005988998993416317,,,,False,Requested features not provided,,,c0f5ccf1-7577-4e38-8c9f-e5b572f195e6
small_devices_robot_5_91,FAILED,,0.005924118006078061,,,,False,Requested features not provided,,,5ab8483b-1158-4ca3-ae53-3da9f2768226
small_devices_robot_5_92,FAILED,,0.006023016998369712,,,,False,Requested features not provided,,,438bf59f-0141-4494-b50f-1a408f914bd8
small_devices_robot_5_93,FAILED,,0.005979711000691168,,,,False,Requested features not provided,,,0f94d47b-d061-461b-b45d-a125c4cafa50
small_devices_robot_5_94,FAILED,,0.005898998999327887,,,,False,Requested features not provided,,,205e61d6-b5bb-42e1-a554-0230629a0025
small_devices_robot_5_95,FAILED,,0.006003464994137175,,,,False,Requested features not provided,,,54f3b21a-10f4-4b11-86af-0a6885674b6f
small_devices_robot_5_96,FAILED,,0.005723793998186011,,,,False,Requested features not provided,,,37699659-6d91-4f59-af9a-84768606cd5d
small_devices_robot_5_97,FAILED,,0.005819763995532412,,,,False,Requested features not provided,,,458ee13d-5c1f-4e1a-8583-103fa7130b87
small_devices_robot_5_98,FAILED,,0.005794506003439892,,,,False,Requested features not provided,,,4d707688-89f0-4aab-9314-6a55469dda08
small_devices_robot_5_99,FAILED,,0.005953909996605944,,,,False,Requested features not provided,,,321c7627-af27-4eb9-8068-6f6f98c3b41b
small_devices_robot_10_0,FAILED,,0.006127423002908472,,,,False,Combination violates rules,,,fbc890d5-30c7-4085-942b-88ab700377ee
small_devices_robot_10_1,FAILED,,0.006291551995673217,,,,False,Combination violates rules,,,d9f96e99-9bd4-4ac5-ad1a-5eec4c28ad2b
small_devices_robot_10_2,FAILED,,0.006517198999063112,,,,False,Requested features not provided,,,8c8d8dcc-d8b6-4d31-9331-962b7091451f
small_devices_robot_10_3,FAILED,,0.006199388997629285,,,,False,Combination violates rules,,,fb1e7bb7-6ab8-4266-aaf7-6365c0120898
small_devices_robot_10_4,FAILED,,0.006176966002385598,,,,False,Requested features not provided,,,d74248be-6bee-4b3e-b9c7-b71ffcdd23ca
small_devices_robot_10_5,FAILED,,0.006232752995856572,,,,False,Combination violates rules,,,5dc42494-dafd-4c77-b690-68f23220c4ef
small_devices_robot_10_6,FAILED,,0.00632967700221343,,,,False,Combination violates rules,,,b029a14d-2c9d-4f4e-893d-c44a2606e9ce
small_devices_robot_10_7,FAILED,,0.00623120300588198,,,,False,Combination violates rules,,,d108ea43-3fca-47e2-8b31-e9f3c4f836fb
small_devices_robot_10_8,FAILED,,0.0061744689955958165,,,,False,Combination violates rules,,,00eb6a40-0356-4c1f-82f9-4a7b0bf8c36a
small_devices_robot_10_9,FAILED,,0.006245634001970757,,,,False,Combination violates rules,,,e319099c-20f6-4fc6-8dfd-5674096d7d5a
small_devices_robot_10_10,FAILED,,0.006268927005294245,,,,False,Requested features not provided,,,00c5b336-4c62-4eed-bcb1-295e1d2da835
small_devices_robot_10_11,FAILED,,0.006358812999678776,,,,False,Combination violates rules,,,754fe975-7a2e-447a-9781-fe372569a9e7
small_devices_robot_10_12,FAILED,,0.006461755001510028,,,,False,Combination violates rules,,,666f93cd-9f24-4a25-b4cc-0ccf68e0c11f
small_devices_robot_10_13,FAILED,,0.006560696994711179,,,,False,Requested features not provided,,,09f4f3ba-5b91-4627-b31a-f513dbd0da90
small_devices_robot_10_14,FAILED,,0.006548236997332424,,,,False,Combination violates rules,,,8bc73f89-77dd-4adc-8449-ae0b96cb3183
small_devices_robot_10_15,FAILED,,0.006734070004313253,,,,False,Combination violates rules,,,7c3e2573-5c1f-448a-a1d1-66a5ba692d9c
small_devices_robot_10_16,FAILED,,0.006584898001165129,,,,False,Requested features not provided,,,d274d125-cd49-468e-9f76-3957415d4cd7
small_devices_robot_10_17,FAILED,,0.006449041000450961,,,,False,Requested features not provided,,,aa48acd8-55e3-4925-9546-2ba707696013
small_devices_robot_10_18,FAILED,,0.006639899998845067,,,,False,Combination violates rules,,,0aff1369-0b33-4fbe-bba2-c601b805dd1b
small_devices_robot_10_19,FAILED,,0.006648959002632182,,,,False,Requested features not provided,,,db37dda1-b256-4960-b276-f37b29d14208
small_devices_robot_10_20,FAILED,,0.006621738000831101,,,,False,Requested features not provided,,,bbab67b4-1744-4f0b-9067-c21bfba2223c
small_devices_robot_10_21,FAILED,,0.006387522000295576,,,,False,Requested features not provided,,,42359de8-d63a-4b5e-8985-199894bb6d69
small_devices_robot_10_22,FAILED,,0.006491722000646405,,,,False,Requested features not provided,,,75ee7530-656a-499d-b1d2-6fb699622368
small_devices_robot_10_23,FAILED,,0.006404914995073341,,,,False,Combination violates rules,,,b5c71ab7-35cf-4506-90ac-574b1a53e85f
small_devices_robot_10_24,FAILED,,0.0065990670045721345,,,,False,Requested features not provided,,,d435dbde-8f13-4837-b934-75c53bb7cfd3
small_devices_robot_10_25,FAILED,,0.006375796001520939,,,,False,Combination violates rules,,,cffa3a85-1039-44e8-b3cc-69d67c51fa60
small_devices_robot_10_26,FAILED,,0.006393235998984892,,,,False,Combination violates rules,,,ef20abea-4427-4153-9c67-0d9098dfb914
small_devices_robot_10_27,FAILED,,0.006510411003546324,,,,False,Combination violates rules,,,e4bfbe6f-b88d-41b9-920c-e92c7a1f87ea
small_devices_robot_10_28,FAILED,,0.006461593002313748,,,,False,Requested features not provided,,,cfaa16f8-193a-4b2a-8b7e-1afbb6e8c2db
small_devices_robot_10_29,FAILED,,0.00644863500201609,,,,False,Combination violates rules,,,8abc457c-76b4-4bdd-b391-a3711e3418ee
small_devices_robot_10_30,FAILED,,0.0063860439986456186,,,,False,Requested features not provided,,,460fa3b1-fd95-4ed9-b1a1-da7a009b6263
small_devices_robot_10_31,FAILED,,0.006514104003144894,,,,False,Combination violates rules,,,e5a1d608-6ab4-4692-8d97-6c506acdfb83
small_devices_robot_10_32,FAILED,,0.006554631996550597,,,,False,Combination violates rules,,,291f5d39-2613-4681-b12b-ed4cda799e9f
small_devices_robot_10_33,FAILED,,0.006348650000290945,,,,False,Combination violates rules,,,d5a658af-e7a8-46a0-bf15-ce70abea4da5
small_devices_robot_10_34,FAILED,,0.0062044739970588125,,,,False,Requested features not provided,,,693d6623-2397-4591-8191-7f51306696aa
small_devices_robot_10_35,FAILED,,0.006378263999067713,,,,False,Combination violates rules,,,a6fe4593-f61a-4f2f-9cfd-abedb78f55be
small_devices_robot_10_36,FAILED,,0.006267397002375219,,,,False,Requested features not provided,,,102b415b-775e-4e92-ae26-197c419b6317
small_devices_robot_10_37,FAILED,,0.006212145002791658,,,,False,Combination violates rules,,,81c50656-1114-4e76-9dd6-1c0d4b7d35b9
small_devices_robot_10_38,FAILED,,0.00620785700448323,,,,False,Combination violates rules,,,ea855d4c-168b-4a2b-bc67-c5b2d4b64aa1
small_devices_robot_10_39,FAILED,,0.0062959790011518635,,,,False,Combination violates rules,,,faacb546-7911-4253-843e-e11d26f6ece7
small_devices_robot_10_40,FAILED,,0.006259125999349635,,,,False,Combination violates rules,,,a6b55c2e-3b06-4992-a06b-2100bb70b413
small_devices_robot_10_41,FAILED,,0.006270644000323955,,,,False,Combination violates rules,,,bdbd94b6-d1b9-4ca9-b6b8-c5ddff1dc2c4
small_devices_robot_10_42,FAILED,,0.006317803999991156,,,,False,Combination violates rules,,,4a47a289-7070-4ef7-96f5-dcf74886a309
small_devices_robot_10_43,FAILED,,0.006419673998607323,,,,False,Requested features not provided,,,d63ab902-d5c1-4ddb-b6ba-9c44544ed853
small_devices_robot_10_44,FAILED,,0.006189069994434249,,,,False,Combination violates rules,,,33ca1637-586b-409f-bd69-85845e0ef954
small_devices_robot_10_45,FAILED,,0.0062271120041259564,,,,False,Requested features not provided,,,cd094aad-55b1-4607-afa9-ae7b00a441ed
small_devices_robot_10_46,FAILED,,0.0062465329974656925,,,,False,Requested features not provided,,,f32623f9-cd9f-4975-9f30-741fdbc944e1
small_devices_robot_10_47,FAILED,,0.006312862999038771,,,,False,Requested features not provided,,,a51509bb-409b-43b3-8f3c-8d7328c89594
small_devices_robot_10_48,FAILED,,0.006414584000594914,,,,False,Combination violates rules,,,6ea54729-6246-4998-b8d0-6cf00bb5105f
small_devices_robot_10_49,FAILED,,0.006476841001131106,,,,False,Requested features not provided,,,6a5e9447-a74b-43d1-ada6-9b6b5a2de266
small_devices_robot_10_50,FAILED,,0.006461566001235042,,,,False,Combination violates rules,,,15f51cb7-dd4e-4984-a0b5-e2ab38459870
small_devices_robot_10_51,FAILED,,0.006464719997893553,,,,False,Requested features not provided,,,d8a79c04-506b-4ae8-b137-5be689957f3d
small_devices_robot_10_52,FAILED,,0.006430034001823515,,,,False,Requested features not provided,,,e81df935-9374-45f0-9862-6621f7f4cc52
small_devices_robot_10_53,FAILED,,0.006398942998202983,,,,False,Requested features not provided,,,722ba76a-5f5d-4866-8114-c5e77937344d
small_devices_robot_10_54,FAILED,,0.006301872999756597,,,,False,Requested features not provided,,,7f14564d-1776-4345-908d-dcb7920f897c
small_devices_robot_10_55,COMPLETED,"['VODAFONE_303713', 'VODAFONE_303715', 'TELSTRA_9012342', 'TELSTRA_50617']",0.005292027002724353,,,16.503,True,,"['NETWORK_NODE', 'COMPUTER', 'DATA_CENTER', 'SENSOR']",,157f7838-6ad2-4f46-bc85-7ec7d43bb0bf
small_devices_robot_10_56,FAILED,,0.006246595999982674,,,,False,Combination violates rules,,,a14dc8fd-bc1b-416a-8b1d-a73922b6a444
small_devices_robot_10_57,FAILED,,0.006229592996533029,,,,False,Combination violates rules,,,534b7bcf-9e9f-4982-adec-5960645b6ba9
small_devices_robot_10_58,FAILED,,0.006153623995487578,,,,False,Combination violates rules,,,9de5fa0b-0c46-434b-a4fa-65fab3bf777f
small_devices_robot_10_59,FAILED,,0.006291251003858633,,,,False,Combination violates rules,,,bce3c2d9-921c-4add-889d-a5765605f296
small_devices_robot_10_60,FAILED,,0.006154663999041077,,,,False,Requested features not provided,,,9d58e20e-727f-4349-838b-99814a1c7c5c
small_devices_robot_10_61,FAILED,,0.006284864000917878,,,,False,Combination violates rules,,,41b3e033-e38a-4870-92f8-bd10dc83009b
small_devices_robot_10_62,FAILED,,0.006312393998086918,,,,False,Combination violates rules,,,a4534f83-2879-4bf1-a32c-78d800f39f8c
small_devices_robot_10_63,FAILED,,0.006233487001736648,,,,False,Combination violates rules,,,3ec5bdc6-ea42-44c7-835c-372deb13301c
small_devices_robot_10_64,FAILED,,0.00616133600124158,,,,False,Requested features not provided,,,e6bf40a7-2852-41e8-906e-0cc6e00f77eb
small_devices_robot_10_65,FAILED,,0.006285786999796983,,,,False,Requested features not provided,,,8c7d5470-c247-4311-bf63-a1b96cd8a88f
small_devices_robot_10_66,FAILED,,0.006201249001605902,,,,False,Combination violates rules,,,0ac0bbcd-22d0-4251-aaf2-24452adca8fb
small_devices_robot_10_67,FAILED,,0.0062602090038126335,,,,False,Requested features not provided,,,96f1b482-925f-4cae-8003-90ee9a253af4
small_devices_robot_10_68,FAILED,,0.0061780909963999875,,,,False,Requested features not provided,,,8ef8f462-632b-483d-a763-71f5a2e2cc36
small_devices_robot_10_69,FAILED,,0.0062211280019255355,,,,False,Combination violates rules,,,3278679c-fe1d-48c6-9c0e-38c797602da2
small_devices_robot_10_70,FAILED,,0.006268438999541104,,,,False,Combination violates rules,,,64cab0f8-e590-48b9-a666-2201ac90162f
small_devices_robot_10_71,FAILED,,0.006318377003481146,,,,False,Combination violates rules,,,3b64fb5a-6ddf-469a-9444-d60e71995c82
small_devices_robot_10_72,FAILED,,0.00619505500071682,,,,False,Combination violates rules,,,5044fc8a-ff08-4dcd-aeba-0821e7492d9b
small_devices_robot_10_73,FAILED,,0.006416330004867632,,,,False,Combination violates rules,,,44514927-ee76-4cb1-b1cf-b9769a0d3abe
small_devices_robot_10_74,FAILED,,0.006265267998969648,,,,False,Combination violates rules,,,5f8bda79-d4a8-40ed-81fe-8f493a8a3f66
small_devices_robot_10_75,FAILED,,0.006349208997562528,,,,False,Combination violates rules,,,21258ff3-deb4-404d-a42a-f079db1f72b0
small_devices_robot_10_76,FAILED,,0.006226730001799297,,,,False,Requested features not provided,,,14247a68-277c-4cd9-96fd-2de476ede7a0
small_devices_robot_10_77,FAILED,,0.006554046995006502,,,,False,Requested features not provided,,,5e380079-b9bd-43c1-9450-2dc3b96984b0
small_devices_robot_10_78,FAILED,,0.006549646997882519,,,,False,Combination violates rules,,,73e35c90-faee-44f5-abb9-abe6ff45992c
small_devices_robot_10_79,FAILED,,0.00642277899896726,,,,False,Combination violates rules,,,4a2f95d2-0fb6-44ae-b7f0-611c2e6ae609
small_devices_robot_10_80,FAILED,,0.006525190998218022,,,,False,Combination violates rules,,,a0df607e-bf65-4961-a673-cceb137efab7
small_devices_robot_10_81,FAILED,,0.006340417996398173,,,,False,Combination violates rules,,,91a6f157-15a4-4e8f-a203-4e1ef6792c4e
small_devices_robot_10_82,FAILED,,0.006402494000212755,,,,False,Combination violates rules,,,e1e46220-3aed-4020-a989-b649c4fd978f
small_devices_robot_10_83,FAILED,,0.00621846199646825,,,,False,Combination violates rules,,,9720d835-c456-4066-8bb7-1787180f9f75
small_devices_robot_10_84,FAILED,,0.006386696004483383,,,,False,Requested features not provided,,,7994627f-b723-4037-9895-935d33c0e18e
small_devices_robot_10_85,FAILED,,0.006273006998526398,,,,False,Combination violates rules,,,9656cde4-ba98-4370-804a-8326c4eb19f7
small_devices_robot_10_86,FAILED,,0.00633427599677816,,,,False,Combination violates rules,,,bb424007-b5ab-4f0d-9958-f16a1cd42709
small_devices_robot_10_87,FAILED,,0.006230405997484922,,,,False,Requested features not provided,,,53a4f08d-6003-4ff3-bae5-530f21b3f2d3
small_devices_robot_10_88,FAILED,,0.006247494995477609,,,,False,Combination violates rules,,,9a5e6628-1a8d-4e26-907e-4516d247d3ae
small_devices_robot_10_89,FAILED,,0.0061898830026621,,,,False,Combination violates rules,,,ba74e4cf-5b9a-45eb-9669-a1bb8b7908b8
small_devices_robot_10_90,FAILED,,0.006402175000403076,,,,False,Requested features not provided,,,5d59ba74-fb83-4e6a-b4e1-5f00cad57653
small_devices_robot_10_91,FAILED,,0.00630887399893254,,,,False,Requested features not provided,,,6810ba43-8115-4cce-9503-c47667151c78
small_devices_robot_10_92,FAILED,,0.006332205004582647,,,,False,Combination violates rules,,,3d1fc676-c806-46de-9bbc-0c7de3ea1863
small_devices_robot_10_93,FAILED,,0.006174288006150164,,,,False,Combination violates rules,,,b2369334-ea3f-442a-82e2-6860b53ad6c7
small_devices_robot_10_94,FAILED,,0.006384934000379872,,,,False,Combination violates rules,,,aafbfbb5-0fd4-4cbf-bf4d-67cb7a284f6c
small_devices_robot_10_95,FAILED,,0.0063047500007087365,,,,False,Requested features not provided,,,645f910b-7054-4775-b550-c8451805485a
small_devices_robot_10_96,FAILED,,0.006306908995611593,,,,False,Requested features not provided,,,1f4021ae-c330-413e-9bee-fbcb84bfb93c
small_devices_robot_10_97,FAILED,,0.006255806001718156,,,,False,Combination violates rules,,,f674d623-3370-4c47-8ca6-d819a93fa1b9
small_devices_robot_10_98,FAILED,,0.006326267000986263,,,,False,Combination violates rules,,,045625fe-2470-4ab0-9ad6-d56b745e7e51
small_devices_robot_10_99,FAILED,,0.00632100800430635,,,,False,Combination violates rules,,,d0be07c8-2d6a-4b78-8905-9bda1f7a5a56
small_devices_robot_20_0,FAILED,,0.007090705999871716,,,,False,Combination violates rules,,,874f9a16-b9a1-4ddb-b8f4-c639bc8c784f
small_devices_robot_20_1,FAILED,,0.007249525995575823,,,,False,Combination violates rules,,,29488d2f-f0d3-4a87-b90b-84fdbcb80b83
small_devices_robot_20_2,FAILED,,0.007316450006328523,,,,False,Combination violates rules,,,2bfead58-4e13-47a6-a61f-43a48fb1c933
small_devices_robot_20_3,FAILED,,0.007294811002793722,,,,False,Combination violates rules,,,959ec684-b88c-48c5-9a5f-6a6963cc062a
small_devices_robot_20_4,FAILED,,0.009883703001833055,,,,False,Combination violates rules,,,2a1c4222-dbdf-47df-a3fe-26ada7698264
small_devices_robot_20_5,FAILED,,0.007709267003519926,,,,False,Combination violates rules,,,3821f5ce-a527-4d74-bfd6-3bfcd209d140
small_devices_robot_20_6,FAILED,,0.007468028998118825,,,,False,Requested features not provided,,,3645aa72-32a2-46aa-af61-8f6b9ea25e09
small_devices_robot_20_7,FAILED,,0.007835928001441061,,,,False,Combination violates rules,,,149b646e-656b-42e6-ba2b-02b16a6ff696
small_devices_robot_20_8,FAILED,,0.007747575997200329,,,,False,Combination violates rules,,,3493f5cc-92a1-425f-99a6-56c8c9eff519
small_devices_robot_20_9,FAILED,,0.0076193800050532445,,,,False,Combination violates rules,,,ba40ddad-93ab-495e-9ded-588c5ad31544
small_devices_robot_20_10,FAILED,,0.007559277000837028,,,,False,Combination violates rules,,,8e04e0d3-707b-4767-821a-a71f7422fa7c
small_devices_robot_20_11,FAILED,,0.007442859998263884,,,,False,Combination violates rules,,,2580a2f1-3de9-4f9a-aef7-12fdc669a08d
small_devices_robot_20_12,FAILED,,0.007559525998658501,,,,False,Combination violates rules,,,6a6b60d7-7a9a-43b6-84f2-f5cc6982417b
small_devices_robot_20_13,FAILED,,0.0074165710029774345,,,,False,Combination violates rules,,,00dac5d5-c585-4ceb-977a-54181ff2ba40
small_devices_robot_20_14,FAILED,,0.007542738996562548,,,,False,Combination violates rules,,,e63a2d4b-a7d8-48a9-b102-477483a75edc
small_devices_robot_20_15,FAILED,,0.0074082550054299645,,,,False,Requested features not provided,,,5a4f98da-54e0-4cd9-9f63-f2af1471d809
small_devices_robot_20_16,FAILED,,0.00729865999892354,,,,False,Combination violates rules,,,0aba5c6e-3622-43a7-b2a1-0642d6f2ec4d
small_devices_robot_20_17,FAILED,,0.007359495997661725,,,,False,Requested features not provided,,,5d505f5b-06cb-4bec-9a33-55fe599254a9
small_devices_robot_20_18,FAILED,,0.007433806000335608,,,,False,Requested features not provided,,,6d9ce509-4a0a-4391-a246-2ab3ab7227bd
small_devices_robot_20_19,FAILED,,0.007403314004477579,,,,False,Combination violates rules,,,0090197a-2c61-49a5-a165-316853e80c26
small_devices_robot_20_20,FAILED,,0.0072419710049871355,,,,False,Combination violates rules,,,f15de3fc-137d-48fa-a1f2-6d54a0f34eec
small_devices_robot_20_21,FAILED,,0.0074988659980590455,,,,False,Combination violates rules,,,8fa0e407-2b8e-4847-8620-8d88253d994b
small_devices_robot_20_22,FAILED,,0.007457107996742707,,,,False,Combination violates rules,,,b5a4f524-8c9d-4cf3-bbf8-3b83d0b1787e
small_devices_robot_20_23,FAILED,,0.0075234470059513114,,,,False,Combination violates rules,,,a168cdcb-6c43-44ab-9da2-f9add27a0d5c
small_devices_robot_20_24,FAILED,,0.0072395030001644045,,,,False,Requested features not provided,,,9346c955-8bae-4fbe-92d6-6c7c3b6de17f
small_devices_robot_20_25,FAILED,,0.007207718001154717,,,,False,Combination violates rules,,,cbfeea62-0a9e-4581-ba03-04713787d28e
small_devices_robot_20_26,FAILED,,0.007121413997083437,,,,False,Combination violates rules,,,bd72390b-65ec-4f54-8849-20619ada7a20
small_devices_robot_20_27,FAILED,,0.007233374002680648,,,,False,Requested features not provided,,,1ea348fb-bd39-4040-b167-cb3e00b20181
small_devices_robot_20_28,FAILED,,0.007160029002989177,,,,False,Requested features not provided,,,f44c6ba6-a2dc-4f52-81f4-a51346d82832
small_devices_robot_20_29,FAILED,,0.0072288669980480336,,,,False,Requested features not provided,,,5a381bf2-e6ac-4913-852a-d227d41c000e
small_devices_robot_20_30,FAILED,,0.0071553090019733645,,,,False,Requested features not provided,,,7fcc095d-e890-4480-8414-9b42dd6a5ffa
small_devices_robot_20_31,FAILED,,0.007200692001788411,,,,False,Combination violates rules,,,8df417af-0dd9-46f5-9602-646903ec99cf
small_devices_robot_20_32,FAILED,,0.007049321000522468,,,,False,Combination violates rules,,,7b010a1c-d454-462e-8e8c-20e4c7896861
small_devices_robot_20_33,FAILED,,0.007394037005724385,,,,False,Combination violates rules,,,caa7da3d-021e-48ce-851f-3486cfd23c8a
small_devices_robot_20_34,FAILED,,0.007072851003613323,,,,False,Combination violates rules,,,2b1a9c53-1ba2-4740-95a1-41909501a232
small_devices_robot_20_35,FAILED,,0.006875095998111647,,,,False,Requested features not provided,,,47a0db9e-3d1f-46b3-97dc-c5b53cf1dd8f
small_devices_robot_20_36,FAILED,,0.007100747003278229,,,,False,Combination violates rules,,,57978071-5a0b-4366-86cf-7be33723c92d
small_devices_robot_20_37,FAILED,,0.007106909994035959,,,,False,Combination violates rules,,,e24cd108-b5d0-4f08-a1f6-8fe575a655f2
small_devices_robot_20_38,FAILED,,0.007098864996805787,,,,False,Requested features not provided,,,34509d30-68a3-4b39-9eae-eca4714812e8
small_devices_robot_20_39,FAILED,,0.006958685000427067,,,,False,Combination violates rules,,,39c78d1f-0051-42b5-9215-473639e97d34
small_devices_robot_20_40,FAILED,,0.007263701998454053,,,,False,Combination violates rules,,,3d55e52b-b221-4eeb-b876-a0bcde9b5ed6
small_devices_robot_20_41,FAILED,,0.007390253005723935,,,,False,Combination violates rules,,,db30b705-d38f-426e-913f-dc90c804dbab
small_devices_robot_20_42,FAILED,,0.007239625003421679,,,,False,Combination violates rules,,,e45766f5-ed9e-414c-8ef2-3a6b768e263c
small_devices_robot_20_43,FAILED,,0.00724016399908578,,,,False,Combination violates rules,,,7c5bcbe2-f6b3-4e54-b095-80f7e1078658
small_devices_robot_20_44,FAILED,,0.007138081004086416,,,,False,Combination violates rules,,,1cf05679-888d-419b-9fff-7ac3591c2d70
small_devices_robot_20_45,FAILED,,0.007138289001886733,,,,False,Requested features not provided,,,8efc1efb-c50a-4f1a-91f8-f6ddaaeb894f
small_devices_robot_20_46,FAILED,,0.007188769995991606,,,,False,Combination violates rules,,,1b9f4645-2207-4d40-aa28-ec1c5a71de84
small_devices_robot_20_47,FAILED,,0.007280664998688735,,,,False,Requested features not provided,,,fe997e15-07e2-414d-afa5-81f829c41e88
small_devices_robot_20_48,FAILED,,0.007190787997387815,,,,False,Combination violates rules,,,33d11364-c534-48b7-99e3-4212ec0160af
small_devices_robot_20_49,FAILED,,0.007138560999010224,,,,False,Combination violates rules,,,abb8fd22-13fe-4bc6-b349-6ef59fb9aaac
small_devices_robot_20_50,FAILED,,0.0073755909979809076,,,,False,Requested features not provided,,,c86c0624-c53b-4a08-85b6-dd8b05163e40
small_devices_robot_20_51,FAILED,,0.00723551199916983,,,,False,Combination violates rules,,,d8a5e7d0-1e55-4389-9b5f-280f13d6b8d4
small_devices_robot_20_52,COMPLETED,"['TELSTRA_304972', 'TELSTRA_570477', 'TELSTRA_304964', 'VODAFONE_130179']",0.006383346000802703,,,15.751,True,,"['SENSOR', 'NETWORK_NODE', 'COMPUTER', 'DATA_CENTER']",,5007d954-ff07-4136-ba0c-14f9e0a1a310
small_devices_robot_20_53,FAILED,,0.00693075500021223,,,,False,Combination violates rules,,,ed7cfccc-81cc-4146-903a-5b7dcb0dc8c7
small_devices_robot_20_54,FAILED,,0.007034247995761689,,,,False,Combination violates rules,,,b51ab0d9-f827-4ebf-afe6-1266a0767913
small_devices_robot_20_55,FAILED,,0.007367386999248993,,,,False,Combination violates rules,,,17a860a3-9a75-4428-b8ab-d7c9a28538c8
small_devices_robot_20_56,FAILED,,0.007203002001915593,,,,False,Combination violates rules,,,56376bd1-58ef-4d84-b940-900a5e9e1a5d
small_devices_robot_20_57,FAILED,,0.007237361001898535,,,,False,Combination violates rules,,,8b5aa2cd-2d5e-4b8a-a1ba-b6dd57b96169
small_devices_robot_20_58,FAILED,,0.007271103000675794,,,,False,Requested features not provided,,,373616b2-c468-4cbb-a0be-4ba0bcb1542b
small_devices_robot_20_59,FAILED,,0.007102488001692109,,,,False,Combination violates rules,,,e98e4ba0-57cb-4d72-ab16-6b18efb1258b
small_devices_robot_20_60,FAILED,,0.0073262529986095615,,,,False,Requested features not provided,,,08ffe098-dbf2-4334-b633-7ef261db8673
small_devices_robot_20_61,FAILED,,0.007398636997095309,,,,False,Combination violates rules,,,54fb7f22-41fa-4315-893f-389a33ba1983
small_devices_robot_20_62,FAILED,,0.007256134995259345,,,,False,Combination violates rules,,,fd579781-8ed0-4651-863d-17eb7b0e59aa
small_devices_robot_20_63,FAILED,,0.00719993699749466,,,,False,Combination violates rules,,,30da2241-2399-4f4c-9987-3c846fc08981
small_devices_robot_20_64,FAILED,,0.007377781999821309,,,,False,Combination violates rules,,,e610ddf1-2b0c-41f7-9507-465e2ba5a6e4
small_devices_robot_20_65,FAILED,,0.0074624469998525456,,,,False,Requested features not provided,,,881a0f34-caa6-4f21-a5f4-340b01419a95
small_devices_robot_20_66,FAILED,,0.00728058200184023,,,,False,Requested features not provided,,,67a5aafe-ebf7-4638-ac96-854b7bbf7526
small_devices_robot_20_67,FAILED,,0.0072599169943714514,,,,False,Requested features not provided,,,82ae8367-ab80-401e-8f73-8927de75177f
small_devices_robot_20_68,FAILED,,0.007295276001968887,,,,False,Requested features not provided,,,a795b16d-10b9-4406-a469-f5febf886217
small_devices_robot_20_69,FAILED,,0.0071520439960295334,,,,False,Combination violates rules,,,d7953c6a-02a8-423a-9fec-c68c20d3c26e
small_devices_robot_20_70,FAILED,,0.006984783001826145,,,,False,Combination violates rules,,,cd48dab0-c28e-40e8-9956-f963681621b1
small_devices_robot_20_71,FAILED,,0.007014056995103601,,,,False,Requested features not provided,,,cfd1f396-953e-4005-baed-3c264e07cab3
small_devices_robot_20_72,FAILED,,0.007172700003138743,,,,False,Combination violates rules,,,accac3de-f5ab-4416-9011-83f8fcf4c311
small_devices_robot_20_73,FAILED,,0.007240965998789761,,,,False,Combination violates rules,,,9225077e-a71b-4d0f-a798-99286bb64f23
small_devices_robot_20_74,FAILED,,0.00730654300423339,,,,False,Combination violates rules,,,da9ae474-f1b7-4f75-9ffa-2bbfb64167d4
small_devices_robot_20_75,FAILED,,0.00710451600025408,,,,False,Combination violates rules,,,c1f285d2-4c1f-4b28-a1b7-c2d851e57978
small_devices_robot_20_76,FAILED,,0.007646878999366891,,,,False,Combination violates rules,,,441bb258-f4bf-44fb-882b-b0cf241c6740
small_devices_robot_20_77,COMPLETED,"['TELSTRA_304972', 'TELSTRA_304964', 'VODAFONE_370258', 'TELSTRA_304963']",0.006265148003876675,,,16.503,True,,"['SENSOR', 'COMPUTER', 'NETWORK_NODE', 'DATA_CENTER']",,6e8358dd-73f8-4ee7-ab1d-212c7139f0b5
small_devices_robot_20_78,FAILED,,0.007284490995516535,,,,False,Combination violates rules,,,02a5ce9e-72f5-4deb-aa4c-87d48a878bd6
small_devices_robot_20_79,FAILED,,0.007215113997517619,,,,False,Combination violates rules,,,edbd3390-d0ee-4bef-b9fd-d67981ab5985
small_devices_robot_20_80,FAILED,,0.007414801999402698,,,,False,Combination violates rules,,,e5bab71f-9199-4385-a878-76aff73fb73b
small_devices_robot_20_81,FAILED,,0.007214404999103863,,,,False,Requested features not provided,,,cc28d47d-8ce5-4059-b46d-b2894cb1c790
small_devices_robot_20_82,FAILED,,0.007267888002388645,,,,False,Combination violates rules,,,6f43723d-cd3b-4d02-bcd5-993e686a18b3
small_devices_robot_20_83,FAILED,,0.007115933003660757,,,,False,Combination violates rules,,,8c01e171-0a74-46aa-af1a-de765f08cf2d
small_devices_robot_20_84,FAILED,,0.007314098998904228,,,,False,Combination violates rules,,,cef9bf76-66b7-4f97-83b6-e782f39824d6
small_devices_robot_20_85,FAILED,,0.007058557006530464,,,,False,Combination violates rules,,,af4d2045-f8c4-431d-b639-0d3198e10b31
small_devices_robot_20_86,FAILED,,0.0069135500016273,,,,False,Combination violates rules,,,f133da84-a98e-402c-b11f-fca2f26d9028
small_devices_robot_20_87,FAILED,,0.006940744999155868,,,,False,Combination violates rules,,,54e8e03a-ee4b-45d9-8e33-7d44357eddf0
small_devices_robot_20_88,FAILED,,0.007014741000602953,,,,False,Combination violates rules,,,b5935519-b65f-4bad-8ed3-39588353ac03
small_devices_robot_20_89,FAILED,,0.006964109001273755,,,,False,Combination violates rules,,,d94aa5e0-8926-4e2e-91fc-e016700438e5
small_devices_robot_20_90,FAILED,,0.007018946002062876,,,,False,Combination violates rules,,,9331d45d-f933-47cc-8659-869b60bdde1a
small_devices_robot_20_91,FAILED,,0.007233565003843978,,,,False,Requested features not provided,,,98d9dd5c-8290-4f93-9fd1-0a0b31e762d0
small_devices_robot_20_92,FAILED,,0.007036058996163774,,,,False,Combination violates rules,,,6357e826-a323-47f0-82ae-2114d811b1e2
small_devices_robot_20_93,FAILED,,0.007031143002677709,,,,False,Combination violates rules,,,fd3b77da-287a-4449-9a69-f0c51b970934
small_devices_robot_20_94,FAILED,,0.007508823000534903,,,,False,Combination violates rules,,,87f1c1a6-e898-4cc8-a4a1-de1cf459658a
small_devices_robot_20_95,FAILED,,0.007183027999417391,,,,False,Combination violates rules,,,5244e262-fd41-45fd-b441-46db05512057
small_devices_robot_20_96,FAILED,,0.0072878599967225455,,,,False,Requested features not provided,,,063255f8-0b4a-4527-8dae-4540441e3b80
small_devices_robot_20_97,FAILED,,0.007164900998759549,,,,False,Requested features not provided,,,36e7d729-e07b-46e4-83c4-3743faff7fb4
small_devices_robot_20_98,FAILED,,0.007376420006039552,,,,False,Combination violates rules,,,4ab98164-bb1d-4a6d-a8e7-ae3fdc9f8ebb
small_devices_robot_20_99,FAILED,,0.007077203001244925,,,,False,Combination violates rules,,,ecccc997-9e4b-4037-b7e2-dc0ce936ad2f
small_devices_robot_30_0,FAILED,,0.007763009001791943,,,,False,Combination violates rules,,,d95cc84a-d156-40d6-b51f-13b4e583c9f1
small_devices_robot_30_1,FAILED,,0.007748390999040566,,,,False,Combination violates rules,,,201d780a-f2c2-4c16-82de-270b0fde3e62
small_devices_robot_30_2,FAILED,,0.00798433800082421,,,,False,Combination violates rules,,,a2a97cee-99e5-4d32-9269-c6bb1733d7c3
small_devices_robot_30_3,FAILED,,0.007856702999561094,,,,False,Combination violates rules,,,fcb06472-a176-4a79-96d5-5dd79fd615ce
small_devices_robot_30_4,FAILED,,0.007825075001164805,,,,False,Combination violates rules,,,3b0666fa-d4a7-4007-9550-757ce12340f9
small_devices_robot_30_5,FAILED,,0.008090349998383317,,,,False,Combination violates rules,,,b38b448c-aba5-4bbc-b1f8-dc6068e1a71d
small_devices_robot_30_6,FAILED,,0.008127182001771871,,,,False,Combination violates rules,,,a6fff8b3-5701-4b47-8921-b6f270530bbb
small_devices_robot_30_7,FAILED,,0.008149151995894499,,,,False,Combination violates rules,,,7c520539-25e3-4a2c-a92a-21446c1fc980
small_devices_robot_30_8,FAILED,,0.008499092997226398,,,,False,Combination violates rules,,,921fb885-9992-4a82-b7cb-6e463ae4f90b
small_devices_robot_30_9,FAILED,,0.008416841003054287,,,,False,Combination violates rules,,,4073f971-ce64-4107-83f6-4e2a426c997d
small_devices_robot_30_10,FAILED,,0.008030657001654617,,,,False,Combination violates rules,,,d619dc7c-7fcd-4c60-ad83-39b792a38be0
small_devices_robot_30_11,FAILED,,0.008003636001376435,,,,False,Combination violates rules,,,079971ba-2e34-409a-873b-eeb566e3dad6
small_devices_robot_30_12,FAILED,,0.007924732002720702,,,,False,Combination violates rules,,,caf14668-6421-4fce-85ff-7e89f0c76d08
small_devices_robot_30_13,FAILED,,0.008187150000594556,,,,False,Combination violates rules,,,6f932428-ce92-4419-a5da-1b2555ef5c59
small_devices_robot_30_14,FAILED,,0.007973161998961587,,,,False,Combination violates rules,,,f4560232-e3e2-4942-932d-710e71aca239
small_devices_robot_30_15,FAILED,,0.008111559996905271,,,,False,Combination violates rules,,,d434f210-03ba-4ea2-94e7-b8ef592ecb26
small_devices_robot_30_16,FAILED,,0.00812216199847171,,,,False,Combination violates rules,,,1ed7bd83-d63e-4fa0-bca7-c148ffc4d1ce
small_devices_robot_30_17,FAILED,,0.008003584000107367,,,,False,Combination violates rules,,,f735ed16-4af7-4d33-b43c-78db30b1ee7d
small_devices_robot_30_18,FAILED,,0.008132700000714976,,,,False,Combination violates rules,,,cb45aa0a-cde9-4d68-8f2e-d979788fc30b
small_devices_robot_30_19,FAILED,,0.008168612002918962,,,,False,Combination violates rules,,,fa76c8f7-2f39-437c-9331-80e1e47c12ed
small_devices_robot_30_20,COMPLETED,"['OPTUS_135099', 'OPTUS_130154', 'OPTUS_9013096', 'OPTUS_135566']",0.007135967003705446,,,18.9,True,,"['SENSOR', 'NETWORK_NODE', 'COMPUTER', 'SENSOR']",,c95f2398-7414-4cbd-8ef2-3016bccc8240
small_devices_robot_30_21,FAILED,,0.008153620998200495,,,,False,Combination violates rules,,,7c5c4997-51a0-4e04-a62d-4752609d3ca6
small_devices_robot_30_22,FAILED,,0.008121029000903945,,,,False,Combination violates rules,,,386311bd-c1cf-4d46-98ed-e389b2ad5a3b
small_devices_robot_30_23,FAILED,,0.007936720998259261,,,,False,Combination violates rules,,,fd23b501-30e0-40ab-bed5-f071b98d3b17
small_devices_robot_30_24,FAILED,,0.007994637999217957,,,,False,Combination violates rules,,,ca57d240-5675-4c3a-b5fd-658a2843c434
small_devices_robot_30_25,FAILED,,0.007780343999911565,,,,False,Combination violates rules,,,93ec6cd4-84dd-476b-a8c8-a7ffd05e39d8
small_devices_robot_30_26,FAILED,,0.007944220000354107,,,,False,Combination violates rules,,,d3f155af-5709-4b7f-837e-571811f3f4ed
small_devices_robot_30_27,FAILED,,0.007741239998722449,,,,False,Combination violates rules,,,1e964534-edea-48ae-ba4a-d19d8e0c33db
small_devices_robot_30_28,FAILED,,0.0077848340006312355,,,,False,Combination violates rules,,,d953855c-6d3a-40e9-b292-45e6d94331c6
small_devices_robot_30_29,FAILED,,0.007978691995958798,,,,False,Combination violates rules,,,bd6f373b-abcb-49c1-8734-b126279da3fe
small_devices_robot_30_30,FAILED,,0.007621129996550735,,,,False,Combination violates rules,,,4a17c883-8d9d-4b6c-9034-f10eb133b467
small_devices_robot_30_31,FAILED,,0.007797603997460101,,,,False,Combination violates rules,,,5a91502d-a9aa-484c-8033-b1705d39f368
small_devices_robot_30_32,FAILED,,0.007732819001830649,,,,False,Combination violates rules,,,4b23c231-b2c2-4014-bc39-c838aa15471e
small_devices_robot_30_33,FAILED,,0.007998018998478074,,,,False,Combination violates rules,,,e4562135-db60-40c0-9245-1960d46f9690
small_devices_robot_30_34,FAILED,,0.007917278999229893,,,,False,Combination violates rules,,,fbd696e8-2722-495d-8993-885170f497a2
small_devices_robot_30_35,FAILED,,0.007817559999239165,,,,False,Combination violates rules,,,3039534c-1d13-44d7-930a-33de8d213007
small_devices_robot_30_36,FAILED,,0.007787246999214403,,,,False,Combination violates rules,,,1e8a1a16-f658-4692-8122-546e44dbda24
small_devices_robot_30_37,FAILED,,0.007799400998919737,,,,False,Combination violates rules,,,946c25d6-7396-41aa-8ba9-4c227d7c257f
small_devices_robot_30_38,FAILED,,0.00782512899604626,,,,False,Combination violates rules,,,760e6f72-8f32-4ff8-93f8-1940af48c343
small_devices_robot_30_39,FAILED,,0.008028661002754234,,,,False,Combination violates rules,,,6c2d246f-ce44-4466-be12-080c5f3fc0da
small_devices_robot_30_40,FAILED,,0.007813367003109306,,,,False,Combination violates rules,,,9debc61d-de56-4b70-99f8-b690cac12e12
small_devices_robot_30_41,FAILED,,0.007829548005247489,,,,False,Combination violates rules,,,737a6efa-f1e0-4e83-8533-72bcb079eea1
small_devices_robot_30_42,FAILED,,0.007837315999495331,,,,False,Combination violates rules,,,50c16fce-126a-4062-aefa-926e0e006b37
small_devices_robot_30_43,FAILED,,0.007681597999180667,,,,False,Combination violates rules,,,21b52aa0-9e31-4490-b696-81a373b2b043
small_devices_robot_30_44,FAILED,,0.00791648499580333,,,,False,Combination violates rules,,,693f6748-2b21-4fb7-8e8d-32ff8abe6610
small_devices_robot_30_45,FAILED,,0.007761754997773096,,,,False,Combination violates rules,,,38f62d8a-b239-4335-aff2-2f3d4ce0d874
small_devices_robot_30_46,FAILED,,0.00797484299982898,,,,False,Combination violates rules,,,cee54854-8c02-4cd3-9351-487a92942f8c
small_devices_robot_30_47,FAILED,,0.008050892000028398,,,,False,Combination violates rules,,,106c150a-35fc-458e-8cbe-467d30da54fa
small_devices_robot_30_48,FAILED,,0.008144131999870297,,,,False,Requested features not provided,,,e83f1ad2-904b-44f2-9ce3-fca0258bf681
small_devices_robot_30_49,FAILED,,0.007969862999743782,,,,False,Combination violates rules,,,206b4b54-4d3e-444d-baa1-3459e74970b9
small_devices_robot_30_50,FAILED,,0.007759664993500337,,,,False,Combination violates rules,,,0810768b-c250-4310-92cb-d2c3951f1640
small_devices_robot_30_51,FAILED,,0.00769342300191056,,,,False,Combination violates rules,,,3473471c-d177-44fe-9e9a-0b16b97ee075
small_devices_robot_30_52,FAILED,,0.007833892006601673,,,,False,Combination violates rules,,,2909854d-003b-4491-8d99-d8e6e92bd715
small_devices_robot_30_53,FAILED,,0.007810770999640226,,,,False,Combination violates rules,,,cb0830cc-43a4-427e-a893-995162ea384e
small_devices_robot_30_54,FAILED,,0.007726176998403389,,,,False,Combination violates rules,,,b49bcefc-c7f0-4b0a-b6ef-917b0e2a16a3
small_devices_robot_30_55,FAILED,,0.007712119993811939,,,,False,Combination violates rules,,,95158c82-f845-40b6-a1d1-909a23e6460a
small_devices_robot_30_56,FAILED,,0.007744287002424244,,,,False,Combination violates rules,,,a6d803c4-b4d6-4d28-a958-2fc44ac683f2
small_devices_robot_30_57,FAILED,,0.007885353006713558,,,,False,Combination violates rules,,,336b24b1-ae8e-419a-97ef-4af9bfdd44a7
small_devices_robot_30_58,FAILED,,0.0078730480017839,,,,False,Combination violates rules,,,5fb3c935-80c6-457c-945d-3affd29b2b11
small_devices_robot_30_59,FAILED,,0.007836251003027428,,,,False,Combination violates rules,,,ee124804-f8b7-4619-95af-89b746c7e9af
small_devices_robot_30_60,FAILED,,0.00780854000186082,,,,False,Combination violates rules,,,db076c2a-e885-41fe-b5b3-ba61e3cff969
small_devices_robot_30_61,FAILED,,0.008013891994778533,,,,False,Combination violates rules,,,ab3490f3-9b7a-4ab6-becd-99538920c9d5
small_devices_robot_30_62,FAILED,,0.008117334000417031,,,,False,Combination violates rules,,,0d29d18c-529d-445f-bc91-a3b84d547e7a
small_devices_robot_30_63,FAILED,,0.007807142006640788,,,,False,Combination violates rules,,,2df1e1b5-bed2-41f6-a13c-f8972143c141
small_devices_robot_30_64,FAILED,,0.008031528996070847,,,,False,Combination violates rules,,,5ebc4ceb-d8c5-41ec-8852-ec48cdbdfbad
small_devices_robot_30_65,FAILED,,0.008133066003210843,,,,False,Combination violates rules,,,5f20740d-3434-47ee-987e-1b4bb14c9bac
small_devices_robot_30_66,FAILED,,0.007974902997375466,,,,False,Combination violates rules,,,1370cb31-376f-4588-9e04-2547c693c48b
small_devices_robot_30_67,FAILED,,0.00795760399341816,,,,False,Combination violates rules,,,30f3fb95-db1e-4fe7-a9e5-3e06c78bcbed
small_devices_robot_30_68,FAILED,,0.007651548003195785,,,,False,Combination violates rules,,,88ee9aac-a96b-47d6-883d-c3627cdfadda
small_devices_robot_30_69,FAILED,,0.007925855999928899,,,,False,Combination violates rules,,,9fa71316-8778-4cc4-badf-c784e9137492
small_devices_robot_30_70,FAILED,,0.007737598003586754,,,,False,Combination violates rules,,,1b16bec3-4fd6-4510-88f1-b3ac8544241b
small_devices_robot_30_71,FAILED,,0.008171073997800704,,,,False,Combination violates rules,,,9ca84c5e-72dc-4a33-87a5-18b50ddfed3d
small_devices_robot_30_72,FAILED,,0.007778804996632971,,,,False,Combination violates rules,,,2e147c0d-e82c-425b-b6a1-5095a443c693
small_devices_robot_30_73,FAILED,,0.00816120600211434,,,,False,Combination violates rules,,,ec282128-4a8b-4a43-a055-ab91fe794342
small_devices_robot_30_74,FAILED,,0.008049595999182202,,,,False,Combination violates rules,,,6d99e793-4696-4866-ae08-220222dbdf5f
small_devices_robot_30_75,FAILED,,0.008220307994633913,,,,False,Combination violates rules,,,2c801f4d-99c4-49cf-a687-f2a3bc820ec4
small_devices_robot_30_76,FAILED,,0.007840039004804567,,,,False,Combination violates rules,,,a76f3494-d0e3-4dde-832a-8c577176cc48
small_devices_robot_30_77,FAILED,,0.007881938996433746,,,,False,Combination violates rules,,,e2a68294-1d5e-459d-b449-284a042426fa
small_devices_robot_30_78,FAILED,,0.008189396001398563,,,,False,Combination violates rules,,,68d2aabe-b9ab-4a5a-9b12-8293d0c1dfc4
small_devices_robot_30_79,FAILED,,0.00803636899945559,,,,False,Combination violates rules,,,1fd0fdfd-66e8-4157-87f8-58737c7b5118
small_devices_robot_30_80,FAILED,,0.007827845998690464,,,,False,Combination violates rules,,,11d88717-2f3e-4196-a543-c32d23100421
small_devices_robot_30_81,FAILED,,0.007870217006711755,,,,False,Combination violates rules,,,3082e4d3-17c4-407d-adb9-93a6f57952c4
small_devices_robot_30_82,FAILED,,0.007888774998718873,,,,False,Combination violates rules,,,b6749b12-a57e-4ebf-9e8c-db8bc9303165
small_devices_robot_30_83,FAILED,,0.00784722100070212,,,,False,Combination violates rules,,,d150d07f-b386-4027-a279-64d1a3823467
small_devices_robot_30_84,FAILED,,0.008089308001217432,,,,False,Combination violates rules,,,b8ab768e-d1fc-4369-9a97-e85ec30885c4
small_devices_robot_30_85,FAILED,,0.00844891500310041,,,,False,Combination violates rules,,,b9d2baa5-be67-4a20-a306-bf99fc617774
small_devices_robot_30_86,FAILED,,0.008979572005046066,,,,False,Combination violates rules,,,e605db61-ec63-4748-a82c-c9dec2ba4535
small_devices_robot_30_87,FAILED,,0.00973292699927697,,,,False,Combination violates rules,,,309193c4-3697-4e02-8928-bff8074546e6
small_devices_robot_30_88,FAILED,,0.009589385997969657,,,,False,Combination violates rules,,,3b6395f0-8bf3-4375-b525-3b323bcca955
small_devices_robot_30_89,FAILED,,0.009305174004111905,,,,False,Combination violates rules,,,f1bd011b-19d5-49f1-a06e-555dbb9d8ac1
small_devices_robot_30_90,FAILED,,0.008990998998342548,,,,False,Combination violates rules,,,87726b86-5ebb-4221-a427-e10b083fd069
small_devices_robot_30_91,FAILED,,0.00881317399762338,,,,False,Combination violates rules,,,b4e56906-4511-4ceb-b2a0-e45255d1357d
small_devices_robot_30_92,FAILED,,0.008535613000276498,,,,False,Combination violates rules,,,64838a64-79e9-4072-ad4c-76a6e25b003f
small_devices_robot_30_93,FAILED,,0.009481287001108285,,,,False,Combination violates rules,,,613a6a30-a12e-4aff-a692-64995d986cb6
small_devices_robot_30_94,FAILED,,0.009317112002463546,,,,False,Combination violates rules,,,5482dbe7-3a30-483d-9522-afb1a837ec72
small_devices_robot_30_95,FAILED,,0.009164033996057697,,,,False,Combination violates rules,,,90c87dfa-f1fd-41a6-9ad5-53860f266e68
small_devices_robot_30_96,FAILED,,0.01672729400161188,,,,False,Combination violates rules,,,3fc26803-b0c9-4e17-92c9-8b67a4f5536d
small_devices_robot_30_97,FAILED,,0.00966255999810528,,,,False,Combination violates rules,,,3175091b-bb0d-497d-bbcd-ca3b89508bea
small_devices_robot_30_98,FAILED,,0.009182936999422964,,,,False,Combination violates rules,,,ef3fbe92-f8ad-4da2-822e-11b508c06f50
small_devices_robot_30_99,FAILED,,0.009309503002441488,,,,False,Combination violates rules,,,843b1043-e7ac-4843-b3d1-b69ec9316744
small_clients_robot_15_0,FAILED,,0.009268191002774984,,,,False,Combination violates rules,,,0355ca16-6d85-4221-b1d1-d63cd9721f3b
small_clients_robot_15_1,FAILED,,0.009301024001615588,,,,False,Requested features not provided,,,058c6e82-29f5-47ad-bd0b-f096d91fb982
small_clients_robot_15_2,FAILED,,0.009189909003907815,,,,False,Requested features not provided,,,0623ebcc-5dc7-4b7f-a5c2-b021c94972ee
small_clients_robot_15_3,FAILED,,0.00906821399985347,,,,False,Combination violates rules,,,beb6fd37-abde-4447-be87-a1c873b60096
small_clients_robot_15_4,FAILED,,0.009076964000996668,,,,False,Requested features not provided,,,124e1286-6a7b-460c-bbec-f12f1ddf46ad
small_clients_robot_15_5,FAILED,,0.00892144899989944,,,,False,Requested features not provided,,,7a32a013-09ef-4537-8684-1dbe63402c7e
small_clients_robot_15_6,FAILED,,0.009483123001700733,,,,False,Combination violates rules,,,10076e98-db17-4d48-a5a4-020acb7db3c5
small_clients_robot_15_7,FAILED,,0.009615954004402738,,,,False,Requested features not provided,,,19eb6569-67bd-4fad-af33-230538c637db
small_clients_robot_15_8,FAILED,,0.0095842540031299,,,,False,Requested features not provided,,,13693dc9-7e30-4878-b6ed-30cbd5fd80bb
small_clients_robot_15_9,FAILED,,0.009820034996664617,,,,False,Combination violates rules,,,eb9e73f9-a87a-4539-a593-f8ce0bc3100d
small_clients_robot_15_10,FAILED,,0.00925966700015124,,,,False,Combination violates rules,,,d829d3f3-26ea-4ffe-bb4b-f81cb008312f
small_clients_robot_15_11,FAILED,,0.009063179000804666,,,,False,Combination violates rules,,,8346f6f5-4a09-4665-bb09-7dfcfc394122
small_clients_robot_15_12,FAILED,,0.009256739998818375,,,,False,Combination violates rules,,,d63c664b-9f7d-4ca3-a780-45a786ecc863
small_clients_robot_15_13,FAILED,,0.00900030900083948,,,,False,Requested features not provided,,,cb0ecfaf-8da0-4a2a-9dca-3fc0eca1e916
small_clients_robot_15_14,FAILED,,0.008725469000637531,,,,False,Combination violates rules,,,f78617df-719f-4a17-88f6-464f0aceebf0
small_clients_robot_15_15,FAILED,,0.008523518001311459,,,,False,Combination violates rules,,,03617090-bfd9-461e-86a1-fe7d33487788
small_clients_robot_15_16,FAILED,,0.008628751995274797,,,,False,Combination violates rules,,,693a805b-8ea2-4f06-bb4e-feabd8c9c866
small_clients_robot_15_17,FAILED,,0.008199300995329395,,,,False,Combination violates rules,,,1ff52de7-14ee-4af1-8cbe-8c5aaf58fc51
small_clients_robot_15_18,FAILED,,0.008206457998312544,,,,False,Requested features not provided,,,beb43438-dec1-43f6-a940-41d9067de6ab
small_clients_robot_15_19,COMPLETED,"['TELSTRA_304972', 'VODAFONE_303715', 'VODAFONE_303713', 'TELSTRA_570477']",0.0071057750028558075,,,16.02,True,,"['SENSOR', 'COMPUTER', 'NETWORK_NODE', 'NETWORK_NODE']",,ef806282-9f2e-4add-af7a-60fceda0b293
small_clients_robot_15_20,FAILED,,0.007954772001539823,,,,False,Requested features not provided,,,248ed61e-4f74-4aea-8a0d-114e88e0559e
small_clients_robot_15_21,FAILED,,0.007837022996682208,,,,False,Combination violates rules,,,3425a764-aff1-4727-80d7-d61b0981e370
small_clients_robot_15_22,FAILED,,0.007694551000895444,,,,False,Combination violates rules,,,abe07cd6-f642-4e9b-9ddd-67385bfe1ed2
small_clients_robot_15_23,FAILED,,0.007605047001561616,,,,False,Combination violates rules,,,758c35ea-cb0d-4895-9ef8-d49076870e00
small_clients_robot_15_24,FAILED,,0.007468757998140063,,,,False,Combination violates rules,,,3b3f03ba-cd50-40a4-97cc-5adda2babc0d
small_clients_robot_15_25,FAILED,,0.00761605599836912,,,,False,Combination violates rules,,,bc7c3ca7-1e46-493d-afa8-862f6a2d252f
small_clients_robot_15_26,FAILED,,0.007506513000407722,,,,False,Combination violates rules,,,28795be1-47d0-491c-aeaa-ea52a7b2e7fc
small_clients_robot_15_27,FAILED,,0.007810058996255975,,,,False,Requested features not provided,,,46bbf89d-a609-4d67-bea8-0ad9ab986430
small_clients_robot_15_28,FAILED,,0.007794782999553718,,,,False,Requested features not provided,,,3b466460-7192-4361-a698-c232a5bb49cf
small_clients_robot_15_29,FAILED,,0.007722852002189029,,,,False,Combination violates rules,,,797b5347-3fe9-4215-bf3e-d93da30bbff7
small_clients_robot_15_30,FAILED,,0.007709506004175637,,,,False,Combination violates rules,,,8bb98c61-ad2c-4540-99a0-9c4aeb748ebb
small_clients_robot_15_31,FAILED,,0.007715106999967247,,,,False,Requested features not provided,,,f8684285-69f5-4bec-9594-2aa82b42f8f3
small_clients_robot_15_32,FAILED,,0.007545620996097568,,,,False,Requested features not provided,,,358dce46-93d7-4f2a-91da-33cd13fe774e
small_clients_robot_15_33,FAILED,,0.007551135000539944,,,,False,Combination violates rules,,,941bee65-cc95-4730-a232-816f90ed0b44
small_clients_robot_15_34,FAILED,,0.0075232210001559,,,,False,Combination violates rules,,,a2f67ee2-a3f7-47c2-b76c-f3f7b1ce9f1f
small_clients_robot_15_35,FAILED,,0.007253747993672732,,,,False,Combination violates rules,,,c74228c6-b524-40ca-b9a8-25305410dfb5
small_clients_robot_15_36,FAILED,,0.007249491995025892,,,,False,Requested features not provided,,,cf5f2153-5857-43d0-992c-c90b51b9ca40
small_clients_robot_15_37,FAILED,,0.007204225999885239,,,,False,Requested features not provided,,,fba39c9c-1dcc-44b7-a881-60d3e18cdde4
small_clients_robot_15_38,FAILED,,0.007253554998897016,,,,False,Combination violates rules,,,65969216-bb00-4799-97be-5214ff61b855
small_clients_robot_15_39,FAILED,,0.024924751996877603,,,,False,Combination violates rules,,,ef57da40-3a7f-4f9d-87b6-b9b7d8ad3bb1
small_clients_robot_15_40,FAILED,,0.008403050997003447,,,,False,Requested features not provided,,,6c668e26-5237-4513-be69-a84253535e9e
small_clients_robot_15_41,FAILED,,0.008191895998606924,,,,False,Combination violates rules,,,a415d8b5-b160-4dc5-b429-6656cd2e9c39
small_clients_robot_15_42,FAILED,,0.007909908999863546,,,,False,Requested features not provided,,,7dcd98e0-e3d4-45c3-bdd5-91d3a9f7676b
small_clients_robot_15_43,FAILED,,0.007885967002948746,,,,False,Combination violates rules,,,7a0feacc-e337-4b2b-8821-1f2a346ed571
small_clients_robot_15_44,FAILED,,0.007852772003388964,,,,False,Combination violates rules,,,b9c2db9c-3a1f-415e-bdf2-278bf9330a1b
small_clients_robot_15_45,FAILED,,0.007694298998103477,,,,False,Requested features not provided,,,686cb692-91c3-495b-ba71-a1fc09e204af
small_clients_robot_15_46,FAILED,,0.00793555099517107,,,,False,Combination violates rules,,,28730ea5-b8ef-4a0e-a611-6ce58828897b
small_clients_robot_15_47,FAILED,,0.007789044997480232,,,,False,Combination violates rules,,,20c6f67d-881e-49c4-91e7-9e84b1c69b69
small_clients_robot_15_48,FAILED,,0.007551792994490825,,,,False,Requested features not provided,,,a8c724c0-c455-47ea-a479-7b0fb43553bc
small_clients_robot_15_49,FAILED,,0.008516440997482277,,,,False,Combination violates rules,,,c0b3ec07-dc84-4e6b-8591-c0083ec07af2
small_clients_robot_15_50,FAILED,,0.00911862699285848,,,,False,Combination violates rules,,,c09ba005-ca76-47c4-9fbb-5324fdc5d734
small_clients_robot_15_51,FAILED,,0.009636413997213822,,,,False,Combination violates rules,,,1a00503f-fd0b-4486-b716-e854250c0a26
small_clients_robot_15_52,FAILED,,0.01341321299696574,,,,False,Combination violates rules,,,9f5cfbb3-b275-4092-95d6-a7d99a191d4c
small_clients_robot_15_53,FAILED,,0.011705422999511939,,,,False,Combination violates rules,,,ad086f9f-d6d0-483a-9fc6-202d3b9ead86
small_clients_robot_15_54,FAILED,,0.012275328997930046,,,,False,Combination violates rules,,,000b6935-0993-483d-869c-49a2709e59bc
small_clients_robot_15_55,FAILED,,0.041653959997347556,,,,False,Combination violates rules,,,968418b6-7d5a-4b82-a496-5fc4f86107c2
small_clients_robot_15_56,FAILED,,0.01333835200057365,,,,False,Combination violates rules,,,ffaa7e3f-5c98-4ec8-a47e-ab0323b65b0a
small_clients_robot_15_57,FAILED,,0.01439342799858423,,,,False,Requested features not provided,,,9f811c11-2042-4eb1-a45c-95f17c03aa7f
small_clients_robot_15_58,FAILED,,0.015019446997030172,,,,False,Combination violates rules,,,a04652b1-c804-45fc-b2f4-d95bdb5a03b5
small_clients_robot_15_59,FAILED,,0.01473408899619244,,,,False,Combination violates rules,,,4529d085-65aa-46dd-8937-59ac971fbe5f
small_clients_robot_15_60,FAILED,,0.015684657999372575,,,,False,Combination violates rules,,,86ebeb6f-6781-4045-a449-90f1fca6bcc3
small_clients_robot_15_61,FAILED,,0.018026739999186248,,,,False,Combination violates rules,,,a9225009-095f-4a58-a0bf-5a8c54d7d7f0
small_clients_robot_15_62,FAILED,,0.015480444999411702,,,,False,Requested features not provided,,,3e3fcf8f-aa8f-4255-af92-8d3747dd6567
small_clients_robot_15_63,FAILED,,0.017258641993976198,,,,False,Combination violates rules,,,607add32-bd82-476b-b447-8c1c7e0ed91b
small_clients_robot_15_64,FAILED,,0.015743003001261968,,,,False,Requested features not provided,,,83b7f19c-7db7-4ac1-b2cf-6e275234c615
small_clients_robot_15_65,FAILED,,0.015960797005391214,,,,False,Requested features not provided,,,aae5ec9c-4496-48b3-bda5-0c65c9c11801
small_clients_robot_15_66,FAILED,,0.014024443000380415,,,,False,Combination violates rules,,,741445f0-96bc-436d-a902-3dad010b7933
small_clients_robot_15_67,FAILED,,0.013306122003996279,,,,False,Requested features not provided,,,5400add4-03d0-4f3e-813f-839f163e9a3c
small_clients_robot_15_68,FAILED,,0.012042517999361735,,,,False,Requested features not provided,,,7dd8fbf7-8c32-4d91-bac7-e12d1b5034ee
small_clients_robot_15_69,FAILED,,0.011101173993665725,,,,False,Requested features not provided,,,a958a5fb-9c1b-4da8-932a-72ac3c8398a4
small_clients_robot_15_70,FAILED,,0.010467134001373779,,,,False,Combination violates rules,,,3318f8cb-4dc4-4b45-9193-9854efe464f5
small_clients_robot_15_71,FAILED,,0.010048645002825651,,,,False,Combination violates rules,,,20209cfc-7230-4e52-a2ef-5799d0c7901c
small_clients_robot_15_72,FAILED,,0.01022294900030829,,,,False,Requested features not provided,,,095521a1-aa52-4a4d-b6c9-920ce0cd95e6
small_clients_robot_15_73,FAILED,,0.00953795800160151,,,,False,Combination violates rules,,,a402a7d0-2977-416b-91fe-97c1ab57a4cd
small_clients_robot_15_74,FAILED,,0.009171097997750621,,,,False,Combination violates rules,,,7ac850ac-4aa2-46e6-aa8f-17f8e5c0e135
small_clients_robot_15_75,FAILED,,0.008967371999460738,,,,False,Requested features not provided,,,2968df35-9cb5-4de3-b118-8cb92abee6c4
small_clients_robot_15_76,FAILED,,0.008454819006146863,,,,False,Combination violates rules,,,e25b81c1-506f-4944-b178-e438be28d8ab
small_clients_robot_15_77,FAILED,,0.008893258003809024,,,,False,Combination violates rules,,,fd497dba-32fd-47cd-b00b-598d9e10868a
small_clients_robot_15_78,FAILED,,0.009056366994627751,,,,False,Requested features not provided,,,1ada0ece-29b3-42aa-882a-d1abd22d415f
small_clients_robot_15_79,FAILED,,0.009274726995499805,,,,False,Combination violates rules,,,a96905de-c856-4dec-a5d0-e874e0f7879d
small_clients_robot_15_80,FAILED,,0.009528316993964836,,,,False,Combination violates rules,,,e873b5d5-dcae-46b3-9049-8d196007905d
small_clients_robot_15_81,FAILED,,0.008789720006461721,,,,False,Combination violates rules,,,ffe8db01-804f-487e-bb84-1cd6e2dd680b
small_clients_robot_15_82,FAILED,,0.008528749996912666,,,,False,Requested features not provided,,,fa46991a-8921-4548-98d2-e5197cbc0841
small_clients_robot_15_83,FAILED,,0.00841861200024141,,,,False,Requested features not provided,,,75d42cf9-e2ef-4f21-bf2d-7d6ef681e477
small_clients_robot_15_84,FAILED,,0.008130529000482056,,,,False,Combination violates rules,,,5def2e40-0bbe-4cc8-b60f-6ac8b9f41d31
small_clients_robot_15_85,FAILED,,0.008334319994901307,,,,False,Combination violates rules,,,c4b3c08e-9d0f-4a12-80a2-e550c580220e
small_clients_robot_15_86,FAILED,,0.009657889997470193,,,,False,Combination violates rules,,,6a4dbe3c-87b8-4fe7-a957-cd2285e0c951
small_clients_robot_15_87,FAILED,,0.007912513996416237,,,,False,Combination violates rules,,,b753e594-f18d-49af-80a7-48ce2c83796e
small_clients_robot_15_88,FAILED,,0.007966241995745804,,,,False,Requested features not provided,,,e2559ecc-e90d-440d-833d-895f50c20564
small_clients_robot_15_89,FAILED,,0.008255704000475816,,,,False,Combination violates rules,,,fe7c061c-2d8b-450e-b9b0-e7681b5c99c8
small_clients_robot_15_90,FAILED,,0.008034730002691504,,,,False,Requested features not provided,,,8b157745-cd45-41ab-8bd4-02ad93b1eccd
small_clients_robot_15_91,FAILED,,0.00781996199657442,,,,False,Combination violates rules,,,9231aa60-30ec-42fc-8fcd-4177c60af538
small_clients_robot_15_92,FAILED,,0.00756361399544403,,,,False,Requested features not provided,,,121007af-58ef-41cf-a2dd-6822efba0896
small_clients_robot_15_93,FAILED,,0.007759319996694103,,,,False,Combination violates rules,,,0636ac75-c0a2-4081-b8a1-bb382b06c98e
small_clients_robot_15_94,FAILED,,0.007743875998130534,,,,False,Combination violates rules,,,db5f5118-fb01-47ab-81d1-ec109e25d730
small_clients_robot_15_95,FAILED,,0.007846765998692717,,,,False,Requested features not provided,,,f96a1e0f-14b5-48fb-8ab1-3b8d920675f5
small_clients_robot_15_96,FAILED,,0.007568111002910882,,,,False,Requested features not provided,,,c5cb8fd5-84bb-473b-9074-c0ab629f24e6
small_clients_robot_15_97,FAILED,,0.0077760729982401244,,,,False,Combination violates rules,,,bae9e8de-865a-42af-be00-73cc60c33c3c
small_clients_robot_15_98,FAILED,,0.0077537190009024926,,,,False,Combination violates rules,,,340b2361-5c20-4234-9113-c62bc92feefb
small_clients_robot_15_99,FAILED,,0.00786415900074644,,,,False,Requested features not provided,,,de9d4d00-ec27-4df5-83dc-2baf6dea243a
small_clients_robot_30_0,FAILED,,0.00823454899364151,,,,False,Combination violates rules,,,47958fd4-760a-4f5e-8b11-22485b67962a
small_clients_robot_30_1,FAILED,,0.007669334001548123,,,,False,Combination violates rules,,,7dfbe110-ccbf-464a-9956-22fbbf75559f
small_clients_robot_30_2,FAILED,,0.0077090950071578845,,,,False,Combination violates rules,,,2879af79-65ed-41ed-8c01-854fc9476a60
small_clients_robot_30_3,FAILED,,0.007700586997088976,,,,False,Combination violates rules,,,60c32aa8-6511-420d-bb99-1f45d2f75ecc
small_clients_robot_30_4,FAILED,,0.007347962004132569,,,,False,Requested features not provided,,,6beac346-1313-403a-987c-b1a2cde53e10
small_clients_robot_30_5,FAILED,,0.007448953001585323,,,,False,Combination violates rules,,,7bd06d88-eac6-4ac6-abba-b34a71742194
small_clients_robot_30_6,FAILED,,0.007515644007071387,,,,False,Requested features not provided,,,115e7076-dbd7-4aac-8093-5ea77032d9a5
small_clients_robot_30_7,FAILED,,0.007477778002794366,,,,False,Requested features not provided,,,525538c8-5223-4a34-b480-b417be20f8a5
small_clients_robot_30_8,FAILED,,0.007512479001889005,,,,False,Combination violates rules,,,971d8f19-bcf0-4ce6-bf50-b794f654b4af
small_clients_robot_30_9,FAILED,,0.007344860001467168,,,,False,Combination violates rules,,,5250ab83-9810-4379-8218-86e06cab4e34
small_clients_robot_30_10,FAILED,,0.00838380600180244,,,,False,Combination violates rules,,,c5370c78-7694-40a6-bcea-d94691d0b788
small_clients_robot_30_11,FAILED,,0.008784318997641094,,,,False,Requested features not provided,,,f19ed15f-e45c-4211-b2c7-b1474367295d
small_clients_robot_30_12,FAILED,,0.008849997997458559,,,,False,Combination violates rules,,,e89baaeb-42d2-43fb-9cd9-18b2aa847420
small_clients_robot_30_13,FAILED,,0.00879019599960884,,,,False,Requested features not provided,,,849bf989-e644-4e10-93e0-dcdd162c4e8d
small_clients_robot_30_14,FAILED,,0.008532745996490121,,,,False,Combination violates rules,,,87f7fa2a-4350-4957-8cbe-742ad3b24d04
small_clients_robot_30_15,FAILED,,0.008186866994947195,,,,False,Combination violates rules,,,a5a352e1-10d3-4d4f-8d22-bbd480519314
small_clients_robot_30_16,FAILED,,0.00901672300096834,,,,False,Requested features not provided,,,325c9d5a-71f0-452b-9740-23b72793825e
small_clients_robot_30_17,FAILED,,0.00864639799692668,,,,False,Requested features not provided,,,96993f09-77d5-4192-90b9-80a47ff2e5b5
small_clients_robot_30_18,FAILED,,0.00822151399916038,,,,False,Combination violates rules,,,ee97794c-82a6-4de6-acde-bfe2118d37b2
small_clients_robot_30_19,FAILED,,0.008253719999629539,,,,False,Combination violates rules,,,1ea1160a-3060-46a2-a976-3d113ba660e0
small_clients_robot_30_20,FAILED,,0.00800369100034004,,,,False,Combination violates rules,,,3b3c802a-c5db-4b3a-96d7-60524bcf3cb2
small_clients_robot_30_21,FAILED,,0.008038464999117423,,,,False,Combination violates rules,,,93f30ba6-e010-4817-ad81-3f65b148b873
small_clients_robot_30_22,FAILED,,0.0077889420063002035,,,,False,Requested features not provided,,,fd8997b6-c223-48d2-87b5-341a9b603f6a
small_clients_robot_30_23,FAILED,,0.007950459003041033,,,,False,Combination violates rules,,,c65612ab-8779-4d62-934f-3e26d1ba1cec
small_clients_robot_30_24,FAILED,,0.008643478999147192,,,,False,Combination violates rules,,,d04da431-fe84-4319-be53-d79655997ea5
small_clients_robot_30_25,FAILED,,0.0083414510008879,,,,False,Combination violates rules,,,28219e8c-b279-4683-afc0-5f8439ef0d0e
small_clients_robot_30_26,FAILED,,0.008987663000880275,,,,False,Combination violates rules,,,d686a7d2-d2ab-47da-b685-ec259e4bfe04
small_clients_robot_30_27,FAILED,,0.008271480997791514,,,,False,Combination violates rules,,,b0e851ea-d44c-469e-bec1-4a7662ef48b0
small_clients_robot_30_28,FAILED,,0.008180785000149626,,,,False,Requested features not provided,,,31e53637-830b-4425-a252-51c29edf613a
small_clients_robot_30_29,FAILED,,0.007936421992781106,,,,False,Combination violates rules,,,25f11339-9736-4ee9-9232-959faf427a93
small_clients_robot_30_30,FAILED,,0.007974368003488053,,,,False,Requested features not provided,,,90b158e8-6975-49be-af14-77878a04f243
small_clients_robot_30_31,FAILED,,0.007735947001492605,,,,False,Combination violates rules,,,b380b76b-7d18-4d52-92ed-8e2c921ca6d0
small_clients_robot_30_32,FAILED,,0.007619916999829002,,,,False,Combination violates rules,,,83167029-6bcb-4e35-8a24-50a69fff436a
small_clients_robot_30_33,FAILED,,0.0076453930014395155,,,,False,Combination violates rules,,,5bc350bb-abe9-4c84-810a-edd89a4ceda6
small_clients_robot_30_34,FAILED,,0.0075091069957125,,,,False,Combination violates rules,,,b380dad3-ccb5-4f66-a78f-c0c5fa579128
small_clients_robot_30_35,FAILED,,0.007394135995127726,,,,False,Requested features not provided,,,4cfce250-debf-4875-bd8f-df8566d939d2
small_clients_robot_30_36,FAILED,,0.009419774003617931,,,,False,Combination violates rules,,,2dac7803-a56f-4c8f-917e-5802250eef5d
small_clients_robot_30_37,FAILED,,0.010838135996891651,,,,False,Combination violates rules,,,a71ba4b0-01af-4f97-a9ce-89150533faff
small_clients_robot_30_38,FAILED,,0.009655704998294823,,,,False,Combination violates rules,,,a87908dc-6aff-406d-93b5-04ceb678f5be
small_clients_robot_30_39,FAILED,,0.010761550998722669,,,,False,Requested features not provided,,,4f2d1550-eebf-4101-bca0-136acda3c1a3
small_clients_robot_30_40,FAILED,,0.010436500997457188,,,,False,Requested features not provided,,,ae8813a5-b5dd-4097-9af0-3b4317b2b603
small_clients_robot_30_41,FAILED,,0.01155771799676586,,,,False,Requested features not provided,,,82b72596-b7a1-4649-95f2-7015f6d3eb82
small_clients_robot_30_42,FAILED,,0.012331167003139853,,,,False,Combination violates rules,,,a61b76d5-4245-413e-82b4-6bf4a87a9d04
small_clients_robot_30_43,FAILED,,0.012284290001844056,,,,False,Combination violates rules,,,4734c6e5-7140-4903-ae7f-b025e3d08ba4
small_clients_robot_30_44,FAILED,,0.012800996999430936,,,,False,Combination violates rules,,,9cf7a1ef-2f4b-489d-a7cd-055b633ad203
small_clients_robot_30_45,FAILED,,0.01141687500057742,,,,False,Combination violates rules,,,ed332a88-d7a5-4536-8910-29d71796f6fd
small_clients_robot_30_46,FAILED,,0.010898623993853107,,,,False,Requested features not provided,,,63ff36c3-7357-4973-85c9-0fba3760e3d5
small_clients_robot_30_47,FAILED,,0.010744981998868752,,,,False,Combination violates rules,,,071e9645-fbdf-443d-a1b1-914a7764253c
small_clients_robot_30_48,FAILED,,0.010521459000301547,,,,False,Requested features not provided,,,75d3afde-3471-468b-8cec-fc577d894e6e
small_clients_robot_30_49,FAILED,,0.013748327997745946,,,,False,Combination violates rules,,,ef771973-82c1-485b-a868-b9d0dd3ef606
small_clients_robot_30_50,FAILED,,0.011754520004615188,,,,False,Combination violates rules,,,6eb70efd-0ffa-4d3f-b82d-218bb634ef36
small_clients_robot_30_51,FAILED,,0.011742444999981672,,,,False,Combination violates rules,,,e82a8e8e-6039-4e90-95e8-6fb25de2ad0d
small_clients_robot_30_52,FAILED,,0.01085805599723244,,,,False,Combination violates rules,,,dda6593c-10db-48d4-813d-39a638f6077e
small_clients_robot_30_53,FAILED,,0.011212527002498973,,,,False,Requested features not provided,,,a8692bf2-e72d-4a7c-9803-54bb00074c1c
small_clients_robot_30_54,FAILED,,0.010988682995957788,,,,False,Combination violates rules,,,33d752f3-44b6-4599-b331-6517573295bc
small_clients_robot_30_55,FAILED,,0.01034542299748864,,,,False,Combination violates rules,,,d71385c8-5930-4b87-b838-6480742a3ffe
small_clients_robot_30_56,FAILED,,0.010998821999237407,,,,False,Combination violates rules,,,0c5481e9-eeb4-4967-a005-e96662241a06
small_clients_robot_30_57,FAILED,,0.01048531300330069,,,,False,Combination violates rules,,,c3f958b4-7ddf-4ec1-87f8-3780f6a931ab
small_clients_robot_30_58,FAILED,,0.010607820004224777,,,,False,Combination violates rules,,,1fa47ef7-ec11-45d4-bd4f-d4bf932022a9
small_clients_robot_30_59,FAILED,,0.009935125999618322,,,,False,Combination violates rules,,,15a7f813-cbe7-4e7f-9117-44aa7c035b37
small_clients_robot_30_60,FAILED,,0.009553818999847863,,,,False,Combination violates rules,,,c91a9553-f66d-4111-90c3-f7c6a6f7cc31
small_clients_robot_30_61,FAILED,,0.010023151000496,,,,False,Combination violates rules,,,23172d0f-0643-469f-b6b8-edd8659a2469
small_clients_robot_30_62,FAILED,,0.010200919001363218,,,,False,Combination violates rules,,,3f47d367-c346-4b2c-ae8c-4f80498f5b70
small_clients_robot_30_63,FAILED,,0.009712381004646886,,,,False,Combination violates rules,,,a7d1fc3f-2374-4ea0-bd9f-cf7fb58bb93c
small_clients_robot_30_64,FAILED,,0.009305245002906304,,,,False,Combination violates rules,,,a4044ef4-7685-4152-bba9-a04dd060bab7
small_clients_robot_30_65,FAILED,,0.008979134996479843,,,,False,Combination violates rules,,,e62c9e2b-c6f7-4445-81b6-65e37442d0f9
small_clients_robot_30_66,FAILED,,0.009235385005013086,,,,False,Requested features not provided,,,e355b5af-74d8-4289-92f0-c82f3f081af1
small_clients_robot_30_67,FAILED,,0.009294973002397455,,,,False,Combination violates rules,,,9e5109d9-b830-47e7-b8ce-aee12ef31c73
small_clients_robot_30_68,FAILED,,0.00872351699945284,,,,False,Combination violates rules,,,644d1c2e-653c-415d-b713-0ca16e1094d5
small_clients_robot_30_69,FAILED,,0.008554347994504496,,,,False,Combination violates rules,,,ab639912-63af-4db5-bca7-de8407af0e8f
small_clients_robot_30_70,FAILED,,0.00814875200012466,,,,False,Combination violates rules,,,dc51ed8c-62ca-4238-9006-c3ccfc935bcc
small_clients_robot_30_71,FAILED,,0.008576814994739834,,,,False,Combination violates rules,,,5a6ed728-b5d0-4516-8187-51035a4b7a47
small_clients_robot_30_72,FAILED,,0.008230722000007518,,,,False,Combination violates rules,,,0c67cc5a-2141-4938-a7be-24fa7ada7906
small_clients_robot_30_73,FAILED,,0.008111777999147307,,,,False,Requested features not provided,,,594ec55c-5073-4dfa-86fd-4dab77179351
small_clients_robot_30_74,FAILED,,0.008185508995666169,,,,False,Combination violates rules,,,868140d2-036f-4ad3-a3fb-8147fc4273f5
small_clients_robot_30_75,FAILED,,0.007903060999524314,,,,False,Combination violates rules,,,ca1d4dac-989f-428e-89b4-bbe3fb8c37bb
small_clients_robot_30_76,FAILED,,0.008359271996596362,,,,False,Combination violates rules,,,bc9e12d2-dbfe-4918-a253-d3c96ffc9b55
small_clients_robot_30_77,FAILED,,0.008992353999929037,,,,False,Combination violates rules,,,e80d2a97-955d-4173-941c-be1ce979f14c
small_clients_robot_30_78,FAILED,,0.009397007997904439,,,,False,Combination violates rules,,,c69239c6-ddf6-42ea-8787-c90727a02029
small_clients_robot_30_79,FAILED,,0.008493093999277335,,,,False,Combination violates rules,,,d5f1229e-36b3-4a70-aa4b-6e246a756ca5
small_clients_robot_30_80,FAILED,,0.008472729998175055,,,,False,Combination violates rules,,,bcd7a490-9e26-4f89-845e-8c881d198f3b
small_clients_robot_30_81,FAILED,,0.008740261000639293,,,,False,Combination violates rules,,,c075fccc-992f-4d39-aeb9-99ffae1cd46c
small_clients_robot_30_82,FAILED,,0.008649037998111453,,,,False,Combination violates rules,,,62a78e60-c8ed-4364-9235-2b2c53c3f3d5
small_clients_robot_30_83,FAILED,,0.008054399993852712,,,,False,Combination violates rules,,,8415733a-aa10-4993-85ce-6401597dbaae
small_clients_robot_30_84,FAILED,,0.00809607300470816,,,,False,Combination violates rules,,,78f66ea1-426a-4e53-bbc8-83a4ca9e298d
small_clients_robot_30_85,FAILED,,0.007998515997314826,,,,False,Requested features not provided,,,b9e754d1-7dcd-40c5-96d7-8316c265ff61
small_clients_robot_30_86,FAILED,,0.007958476999192499,,,,False,Combination violates rules,,,c0956d40-fd1a-4296-bb10-c5d3dc56a37b
small_clients_robot_30_87,FAILED,,0.007506328001909424,,,,False,Combination violates rules,,,5db16ef6-88ac-456c-aedb-70e4fed91b51
small_clients_robot_30_88,FAILED,,0.00755551800102694,,,,False,Combination violates rules,,,7196e3eb-cb6b-4e79-8ec2-a8f6546673f4
small_clients_robot_30_89,FAILED,,0.007481469001504593,,,,False,Combination violates rules,,,8c391888-2c6c-4224-88ef-b382073242c5
small_clients_robot_30_90,FAILED,,0.007469061005394906,,,,False,Combination violates rules,,,30b36707-0372-48e5-bb5f-ea080f6cb8ee
small_clients_robot_30_91,FAILED,,0.018582220996904653,,,,False,Combination violates rules,,,5652b482-ec05-49a4-9288-a0b8cc4cf6e9
small_clients_robot_30_92,FAILED,,0.009894616996461991,,,,False,Combination violates rules,,,76253146-ae05-46b1-a750-956daebfcadd
small_clients_robot_30_93,FAILED,,0.009764426002220716,,,,False,Combination violates rules,,,a6661b58-7c88-4129-b7cd-65b50fd41590
small_clients_robot_30_94,FAILED,,0.010212674002104905,,,,False,Combination violates rules,,,32970090-5ab1-400f-bf9a-88c89c875bba
small_clients_robot_30_95,FAILED,,0.01091669100424042,,,,False,Requested features not provided,,,a4cbca45-8080-4a8b-91a1-2fd01a8722e0
small_clients_robot_30_96,FAILED,,0.011395517001801636,,,,False,Combination violates rules,,,339ba3c5-0b16-48b6-9648-287c9980d524
small_clients_robot_30_97,FAILED,,0.011635602997557726,,,,False,Combination violates rules,,,2d4a8ecb-1643-4c98-b053-c62a34e9b0a9
small_clients_robot_30_98,FAILED,,0.012243796998518519,,,,False,Combination violates rules,,,9cde0d19-399e-440f-8217-7360292ce274
small_clients_robot_30_99,FAILED,,0.012153990996011999,,,,False,Combination violates rules,,,3fcf0b92-66f6-47ce-b3f5-f006c177f13e
small_clients_robot_45_0,FAILED,,0.011622288002399728,,,,False,Combination violates rules,,,d741422c-a868-436d-a167-7d908cbe8ec3
small_clients_robot_45_1,FAILED,,0.011061409997637384,,,,False,Combination violates rules,,,59fcda7b-0f43-4283-b903-fd129829275f
small_clients_robot_45_2,FAILED,,0.010916881001321599,,,,False,Combination violates rules,,,02a20d20-c61d-4469-99f3-6297cae37bde
small_clients_robot_45_3,FAILED,,0.0110455300018657,,,,False,Combination violates rules,,,9f7e5485-a798-4726-8031-f8ef92bbc4f0
small_clients_robot_45_4,FAILED,,0.010985781998897437,,,,False,Combination violates rules,,,f4bda23f-21a6-439e-b001-b2f224457cd1
small_clients_robot_45_5,FAILED,,0.011087951999797951,,,,False,Combination violates rules,,,8f7dc19f-7108-4892-ac90-6baaaaf9ecd2
small_clients_robot_45_6,FAILED,,0.011090634994616266,,,,False,Combination violates rules,,,8993f17c-c06a-4b99-920b-808287855b26
small_clients_robot_45_7,FAILED,,0.01046669600327732,,,,False,Combination violates rules,,,9c4e4b08-1197-46a6-afb9-e9e1c618a19d
small_clients_robot_45_8,FAILED,,0.010403519998362754,,,,False,Requested features not provided,,,3023608a-c0f1-4351-a40d-79be25133ecc
small_clients_robot_45_9,FAILED,,0.0105536960036261,,,,False,Combination violates rules,,,e87e9822-8025-4870-8f2a-99ee842128bf
small_clients_robot_45_10,FAILED,,0.010619009997753892,,,,False,Combination violates rules,,,ae19815c-1f0d-47a6-9ae7-2447f9150966
small_clients_robot_45_11,FAILED,,0.009906459999911021,,,,False,Combination violates rules,,,5a961d16-f6a8-4c70-9189-98e721c473dd
small_clients_robot_45_12,FAILED,,0.010406884000985883,,,,False,Combination violates rules,,,e0ba971e-20c5-45e1-9996-c5cbf0e6fe9e
small_clients_robot_45_13,FAILED,,0.01022698100132402,,,,False,Combination violates rules,,,a49c3902-fc1f-486d-b4dd-b523a1e5d8f9
small_clients_robot_45_14,FAILED,,0.009835821001615841,,,,False,Combination violates rules,,,e2cdf208-ee15-434a-86ba-b5d74f43e533
small_clients_robot_45_15,FAILED,,0.009711341001093388,,,,False,Combination violates rules,,,e8424d35-3cb1-4ea4-afe6-53a9cd5cd6a8
small_clients_robot_45_16,FAILED,,0.010704881002311595,,,,False,Requested features not provided,,,d167986f-c667-4111-aee6-376d00924ca6
small_clients_robot_45_17,FAILED,,0.010848683996300679,,,,False,Combination violates rules,,,87893a9d-754c-434f-8dcf-1f0df99da591
small_clients_robot_45_18,FAILED,,0.010204190999502316,,,,False,Combination violates rules,,,770ac32a-9dba-472f-9d1a-69ffb081255c
small_clients_robot_45_19,FAILED,,0.010139778998563997,,,,False,Combination violates rules,,,d50d6188-aaca-445e-bdb4-8774f8ad87c1
small_clients_robot_45_20,FAILED,,0.01015005299996119,,,,False,Requested features not provided,,,271b0813-c83e-4c9e-8d61-a55d742d5b73
small_clients_robot_45_21,FAILED,,0.009616157003620174,,,,False,Combination violates rules,,,f2b05390-4734-4e57-9bea-faf7a4fd26a7
small_clients_robot_45_22,FAILED,,0.009522453001409303,,,,False,Combination violates rules,,,ca3096ff-4ffd-4de5-8cfd-d55c4efea112
small_clients_robot_45_23,FAILED,,0.009288168999773916,,,,False,Combination violates rules,,,388dbb69-b7c3-4e03-8cef-4b18b3f16953
small_clients_robot_45_24,FAILED,,0.008825566997984424,,,,False,Combination violates rules,,,922ec6d8-f698-4dfa-8903-e46f77c7318c
small_clients_robot_45_25,FAILED,,0.008810136001557112,,,,False,Combination violates rules,,,564866cc-f05e-41dd-9f49-822bee0a5bba
small_clients_robot_45_26,FAILED,,0.00904603199887788,,,,False,Combination violates rules,,,bfeeaf63-9307-4ac2-b946-85b197a01913
small_clients_robot_45_27,FAILED,,0.00869155500549823,,,,False,Combination violates rules,,,5353de4a-fc73-4aa7-8580-59ca0ac131f0
small_clients_robot_45_28,FAILED,,0.009119035996263847,,,,False,Combination violates rules,,,dd5ce410-785d-49ec-82dd-10806be1c73d
small_clients_robot_45_29,FAILED,,0.008919539999624249,,,,False,Combination violates rules,,,8ba491d4-36de-4b19-b689-03c680304622
small_clients_robot_45_30,FAILED,,0.008890554003301077,,,,False,Requested features not provided,,,bb4bf2fc-289d-4416-8bbc-c186070933f1
small_clients_robot_45_31,FAILED,,0.008931234006013256,,,,False,Combination violates rules,,,6b24e676-cc0f-4da6-8040-06ee68f825a5
small_clients_robot_45_32,FAILED,,0.008583652001107112,,,,False,Combination violates rules,,,ead284a4-b494-4de7-9c6c-97491fd1f415
small_clients_robot_45_33,FAILED,,0.008684625994646922,,,,False,Combination violates rules,,,b78b2527-65e4-4c0b-bfdd-e805a8e0842a
small_clients_robot_45_34,FAILED,,0.008527708996552974,,,,False,Combination violates rules,,,66813244-0d58-40d6-8248-dec48f383a9a
small_clients_robot_45_35,FAILED,,0.008630989002995193,,,,False,Combination violates rules,,,453aaf23-d085-44e6-bfc1-35226688fe71
small_clients_robot_45_36,FAILED,,0.00849082499917131,,,,False,Combination violates rules,,,343dd7af-d6b4-441c-90fe-d24e201fb5d3
small_clients_robot_45_37,FAILED,,0.00855418299761368,,,,False,Combination violates rules,,,f4d0fc6d-d1d6-4887-a113-713833c57828
small_clients_robot_45_38,FAILED,,0.008459044998744503,,,,False,Combination violates rules,,,5bec5570-ddc4-4be1-99bf-71210d6b9d8c
small_clients_robot_45_39,FAILED,,0.008997454999189358,,,,False,Combination violates rules,,,f76fd1bc-47eb-4c85-8e66-fa11e0e99f70
small_clients_robot_45_40,FAILED,,0.0090527979991748,,,,False,Requested features not provided,,,c9bc41e6-d9de-4515-aef5-f6d91595d460
small_clients_robot_45_41,FAILED,,0.008876298001268879,,,,False,Combination violates rules,,,f5ed960d-4d77-47ff-9d59-85d18aa44577
small_clients_robot_45_42,FAILED,,0.008857803004502784,,,,False,Requested features not provided,,,d6eeec0a-1c0a-4174-8660-b8edeef34552
small_clients_robot_45_43,FAILED,,0.008896309002011549,,,,False,Combination violates rules,,,743a815c-41f1-41dd-acb0-81e13bcada7d
small_clients_robot_45_44,FAILED,,0.008583816997997928,,,,False,Requested features not provided,,,cdc273e8-7026-43f0-b84d-833e960bdc98
small_clients_robot_45_45,FAILED,,0.008560777998354752,,,,False,Combination violates rules,,,099631fd-25ce-491a-8022-063d1a745ec3
small_clients_robot_45_46,FAILED,,0.00853553199704038,,,,False,Combination violates rules,,,ced8c154-5359-4f38-8515-6978c1508cbc
small_clients_robot_45_47,FAILED,,0.008312348996696528,,,,False,Combination violates rules,,,4361b12c-a44d-45a9-8773-0ec07f192c2d
small_clients_robot_45_48,FAILED,,0.008300622001115698,,,,False,Requested features not provided,,,5e75f35d-4e10-4dce-a802-e528af89e799
small_clients_robot_45_49,FAILED,,0.008323098998516798,,,,False,Combination violates rules,,,1adb2bdf-359c-4797-98ef-08d7cfb816d1
small_clients_robot_45_50,FAILED,,0.008160737997968681,,,,False,Combination violates rules,,,4d7f5e58-eb3a-49f5-a134-8437f9b19ec0
small_clients_robot_45_51,FAILED,,0.008091045994660817,,,,False,Requested features not provided,,,f70c2efa-9425-474d-bbdf-3634d4e4afca
small_clients_robot_45_52,FAILED,,0.008295435000036377,,,,False,Requested features not provided,,,fbd355d6-7289-4b03-8d4f-aaa0d698abfc
small_clients_robot_45_53,FAILED,,0.00821339799585985,,,,False,Combination violates rules,,,c67e81df-4fee-4541-8e49-d211fd9192ff
small_clients_robot_45_54,FAILED,,0.008287356002256274,,,,False,Combination violates rules,,,3765cddc-4d6c-42ee-aa46-1d2fb6f45fc5
small_clients_robot_45_55,FAILED,,0.008320382999954745,,,,False,Combination violates rules,,,a84d3ea0-5ecb-4397-9cd8-5f4d4da9cdb0
small_clients_robot_45_56,FAILED,,0.008296116000565235,,,,False,Combination violates rules,,,6d8d9135-cf79-4129-9bea-cf020b085e7d
small_clients_robot_45_57,COMPLETED,"['VODAFONE_370258', 'TELSTRA_9012342', 'VODAFONE_303715', 'TELSTRA_304972']",0.007148267999582458,,,15.703,True,,"['NETWORK_NODE', 'DATA_CENTER', 'COMPUTER', 'SENSOR']",,3f527554-8037-4811-8a95-163f33eb80ee
small_clients_robot_45_58,FAILED,,0.008393572999921162,,,,False,Requested features not provided,,,e20b47c6-d0cc-4555-afbb-6c487714402a
small_clients_robot_45_59,FAILED,,0.00829448599688476,,,,False,Combination violates rules,,,b0ec08a7-c251-4e98-a4d8-a40f11730e9e
small_clients_robot_45_60,FAILED,,0.007978960995387752,,,,False,Combination violates rules,,,c89cbdec-645c-4303-a53a-b4f91c1fec31
small_clients_robot_45_61,FAILED,,0.008004044997505844,,,,False,Combination violates rules,,,d0057520-6146-45d0-86a0-f91718a6c3f3
small_clients_robot_45_62,FAILED,,0.007847095002944116,,,,False,Combination violates rules,,,3e30dad8-d96f-480c-89b5-274e89f92ee6
small_clients_robot_45_63,FAILED,,0.007939750001241919,,,,False,Combination violates rules,,,5187c375-4d5a-4093-b930-fe193acf0e44
small_clients_robot_45_64,FAILED,,0.007935736000945326,,,,False,Combination violates rules,,,68bb8d5d-425b-43cc-8e19-f30acc5bfb01
small_clients_robot_45_65,FAILED,,0.008042153000133112,,,,False,Combination violates rules,,,3d00a271-1d9f-4359-b421-dcbc5b1cc1df
small_clients_robot_45_66,FAILED,,0.00791513899457641,,,,False,Combination violates rules,,,f7e45a51-be93-4367-90ac-85740f9a4cf5
small_clients_robot_45_67,FAILED,,0.00793552299728617,,,,False,Combination violates rules,,,135e4dcb-9f3c-49cb-90ab-996d41b8bb4f
small_clients_robot_45_68,FAILED,,0.0076441380006144755,,,,False,Combination violates rules,,,51b6cbe0-1dcf-4879-9730-bb23f28330f8
small_clients_robot_45_69,FAILED,,0.007754331003525294,,,,False,Combination violates rules,,,aafe1c6e-ae39-4d22-8196-9a1ba1f6a732
small_clients_robot_45_70,FAILED,,0.007651236999663524,,,,False,Combination violates rules,,,2c08bea1-b276-4dce-86bf-0a42bac2bd80
small_clients_robot_45_71,FAILED,,0.007670256003621034,,,,False,Combination violates rules,,,972bb96b-0a2c-4e32-99fe-6dc72f8778c1
small_clients_robot_45_72,FAILED,,0.007656470996153075,,,,False,Requested features not provided,,,6210ddfe-c24b-41f3-b156-4c555e42459e
small_clients_robot_45_73,FAILED,,0.007895164002547972,,,,False,Combination violates rules,,,893c1468-1e62-4be0-8b5a-e11e9f768942
small_clients_robot_45_74,FAILED,,0.007663569005671889,,,,False,Combination violates rules,,,4b8a6fd5-261a-42e4-b574-9a51f231a39a
small_clients_robot_45_75,FAILED,,0.007727713003987446,,,,False,Combination violates rules,,,e44326da-f689-41ab-8bc4-c5fab75ae8b6
small_clients_robot_45_76,FAILED,,0.007652359003259335,,,,False,Requested features not provided,,,860f3a70-e76c-4f53-ad74-44360c6d51bd
small_clients_robot_45_77,FAILED,,0.00775785899895709,,,,False,Combination violates rules,,,846f8153-2811-4c8d-a04a-04d514bff467
small_clients_robot_45_78,FAILED,,0.007685368000238668,,,,False,Combination violates rules,,,a9054fca-6246-4b87-bd06-f8812c0e2db8
small_clients_robot_45_79,FAILED,,0.007718294000369497,,,,False,Combination violates rules,,,14e00e89-ecde-45ae-bb1a-ba688d1595a1
small_clients_robot_45_80,FAILED,,0.007427005002682563,,,,False,Combination violates rules,,,4fd3a34a-c39d-4e52-a6af-1ce9dca9e28d
small_clients_robot_45_81,FAILED,,0.00765757099725306,,,,False,Combination violates rules,,,a786d232-9c05-4104-a4b5-f0f83b045d45
small_clients_robot_45_82,FAILED,,0.007738855005300138,,,,False,Requested features not provided,,,70b6329f-bbad-40bf-9206-4520e261aee2
small_clients_robot_45_83,FAILED,,0.007631816995854024,,,,False,Requested features not provided,,,735ffb34-f16d-4023-a1fa-927bce3137fa
small_clients_robot_45_84,FAILED,,0.007682342999032699,,,,False,Combination violates rules,,,dd7a1ae7-510b-4117-9e54-69ec9cdde88b
small_clients_robot_45_85,FAILED,,0.00802541000302881,,,,False,Requested features not provided,,,ac33544d-a06b-4720-a1c5-c4e92f937e52
small_clients_robot_45_86,FAILED,,0.007603019002999645,,,,False,Combination violates rules,,,23f03b74-9962-47b6-97ec-643036dc8980
small_clients_robot_45_87,FAILED,,0.007626819002325647,,,,False,Combination violates rules,,,0bec42c3-e071-46d9-be9e-278bac834f26
small_clients_robot_45_88,FAILED,,0.007791673997417092,,,,False,Combination violates rules,,,676d2388-4914-4428-8dc6-b094df24036c
small_clients_robot_45_89,FAILED,,0.007688694000535179,,,,False,Combination violates rules,,,f9e6a0b3-bf2d-4ce9-9c6b-8f7d62248cea
small_clients_robot_45_90,FAILED,,0.007675897999433801,,,,False,Requested features not provided,,,2a1981f3-0ae5-48e5-af9e-835ce073ca27
small_clients_robot_45_91,FAILED,,0.008294020997709595,,,,False,Combination violates rules,,,333a73a9-e213-4697-b14a-946637ccc287
small_clients_robot_45_92,FAILED,,0.008133172006637324,,,,False,Combination violates rules,,,b5423566-92d1-4780-b90f-dac27992fe74
small_clients_robot_45_93,FAILED,,0.007964419994095806,,,,False,Combination violates rules,,,6d202486-248f-4d29-8c56-48b23502bf2e
small_clients_robot_45_94,FAILED,,0.008090585004538298,,,,False,Combination violates rules,,,d2890968-2b36-4b50-a9ed-da6e44788c14
small_clients_robot_45_95,FAILED,,0.00821277299837675,,,,False,Requested features not provided,,,c27a3835-e49f-4ea1-badc-c847c76d298a
small_clients_robot_45_96,FAILED,,0.00793805700232042,,,,False,Combination violates rules,,,f9df8ff8-f9fe-465f-b985-aca911b470c5
small_clients_robot_45_97,FAILED,,0.007863750004617032,,,,False,Combination violates rules,,,fb3e99c9-59e0-4dcd-9bb9-84952bbcf51c
small_clients_robot_45_98,FAILED,,0.0079970289953053,,,,False,Combination violates rules,,,88f602d2-a5c0-4e39-9a96-674bf9b7686e
small_clients_robot_45_99,FAILED,,0.008127380999212619,,,,False,Combination violates rules,,,47cc523b-285c-4fec-b6e0-83c1e7bf934f
small_clients_robot_60_0,FAILED,,0.00794827599747805,,,,False,Combination violates rules,,,f7c447ef-390a-41a0-9e32-792df7278106
small_clients_robot_60_1,FAILED,,0.007871547997638118,,,,False,Combination violates rules,,,e2178ebc-9559-433e-aa6a-6af61d69338b
small_clients_robot_60_2,FAILED,,0.007681601004151162,,,,False,Combination violates rules,,,f39c4db8-4f2c-41a0-a2e2-4b83360b2152
small_clients_robot_60_3,FAILED,,0.007690380996791646,,,,False,Combination violates rules,,,e872a6ca-a70e-4cfb-9057-5d27989271bf
small_clients_robot_60_4,FAILED,,0.007621223005116917,,,,False,Combination violates rules,,,c8eec2f4-331b-4d5c-b4c3-5f68f79c03da
small_clients_robot_60_5,FAILED,,0.007757303996186238,,,,False,Requested features not provided,,,5342e196-523b-41a8-afe4-9c54cd641870
small_clients_robot_60_6,FAILED,,0.007592046997160651,,,,False,Combination violates rules,,,ecbeb15c-4c7d-4e29-8214-781db1370b66
small_clients_robot_60_7,FAILED,,0.007990866994077805,,,,False,Combination violates rules,,,6f127e0d-597b-481a-9d4e-f8fde5e0af49
small_clients_robot_60_8,FAILED,,0.0074499499969533645,,,,False,Combination violates rules,,,1d4cb639-9ff6-4508-a274-c47df9b6fb8c
small_clients_robot_60_9,FAILED,,0.008902790999854915,,,,False,Combination violates rules,,,e9517821-84f4-493c-a1a4-1f04dec4dc4f
small_clients_robot_60_10,FAILED,,0.008929498006182257,,,,False,Combination violates rules,,,38d51b71-9222-4134-a1b7-c3439c6eb96e
small_clients_robot_60_11,FAILED,,0.00937951199739473,,,,False,Combination violates rules,,,637c2309-ebf1-4658-9213-e6ac12adfe76
small_clients_robot_60_12,FAILED,,0.010281783004757017,,,,False,Requested features not provided,,,0928ab8e-2080-4420-b882-40e514426c83
small_clients_robot_60_13,FAILED,,0.011391982996428851,,,,False,Combination violates rules,,,1c999791-26f2-4205-b541-6cf815e75129
small_clients_robot_60_14,FAILED,,0.011586268999963067,,,,False,Combination violates rules,,,4a52fcd6-8d57-484d-b284-e13acd8252f1
small_clients_robot_60_15,FAILED,,0.011659023999527562,,,,False,Combination violates rules,,,99c7d1ab-ca4d-494b-b02c-9e1eff85de3b
small_clients_robot_60_16,FAILED,,0.01228057399566751,,,,False,Requested features not provided,,,32f28da1-3083-468f-bc7b-a94813421438
small_clients_robot_60_17,FAILED,,0.010958042003039736,,,,False,Combination violates rules,,,3a959506-dffb-4a84-af0c-7a4033187f64
small_clients_robot_60_18,FAILED,,0.010477660005562939,,,,False,Combination violates rules,,,bacdbffb-2454-41c6-b4f3-7ab05dd362cb
small_clients_robot_60_19,COMPLETED,"['VODAFONE_300811', 'TELSTRA_304964', 'VODAFONE_370258', 'TELSTRA_50617']",0.00866600900189951,,,15.401,True,,"['DATA_CENTER', 'COMPUTER', 'NETWORK_NODE', 'SENSOR']",,4f0f03f9-a4ba-4bb5-aae8-7a049182c599
small_clients_robot_60_20,FAILED,,0.01002500700269593,,,,False,Combination violates rules,,,26981e8b-1df4-4ea5-a2fe-194f08cbe059
small_clients_robot_60_21,FAILED,,0.009848655994574074,,,,False,Requested features not provided,,,f85e434b-1687-4b9f-ac1d-9c4a7c2a0a1d
small_clients_robot_60_22,FAILED,,0.009653041001001839,,,,False,Requested features not provided,,,12a92a77-b63a-4f89-bb67-d3d1639a6d54
small_clients_robot_60_23,FAILED,,0.00902373599819839,,,,False,Requested features not provided,,,77bc7d65-ded5-488e-800d-6f996bba073b
small_clients_robot_60_24,FAILED,,0.009828863003349397,,,,False,Combination violates rules,,,de598a06-59c3-4f0f-a9a9-dc7a538a506f
small_clients_robot_60_25,FAILED,,0.010472210997249931,,,,False,Combination violates rules,,,f66745ca-3149-4b9d-8217-26bcb2fdd7ae
small_clients_robot_60_26,FAILED,,0.009543337000650354,,,,False,Combination violates rules,,,b45517d3-eb30-4935-abd2-072e629c50ca
small_clients_robot_60_27,FAILED,,0.009380770999996457,,,,False,Requested features not provided,,,bf5e34ca-9ffd-4a9d-8ea7-6d9e2a228f0c
small_clients_robot_60_28,FAILED,,0.00935246000153711,,,,False,Combination violates rules,,,8059c4f3-6e48-4270-97a1-52d5d9d8d25c
small_clients_robot_60_29,FAILED,,0.00929150600131834,,,,False,Combination violates rules,,,26d8bfa7-5722-4f87-85eb-347b7782d75e
small_clients_robot_60_30,FAILED,,0.009066021004400682,,,,False,Combination violates rules,,,39b1e7ce-e480-4170-b2df-e9b8b749e686
small_clients_robot_60_31,FAILED,,0.00879088800138561,,,,False,Requested features not provided,,,dce0f029-cb7d-457c-a374-16c234ec76a8
small_clients_robot_60_32,FAILED,,0.008875358005752787,,,,False,Combination violates rules,,,65d501b9-226a-48a9-a0f7-ab069a32cfe3
small_clients_robot_60_33,FAILED,,0.008536879999155644,,,,False,Combination violates rules,,,acf75efe-c450-44ae-86fd-1bd8b1967852
small_clients_robot_60_34,FAILED,,0.00838768500398146,,,,False,Combination violates rules,,,337c3c65-0d0a-42ff-9b1d-7491616c1bb1
small_clients_robot_60_35,FAILED,,0.008518296002876014,,,,False,Combination violates rules,,,f941919e-c44a-4cf1-8d22-f87c476b30d9
small_clients_robot_60_36,FAILED,,0.008299960994918365,,,,False,Combination violates rules,,,9e2d83c3-842b-471d-994b-673646381a14
small_clients_robot_60_37,FAILED,,0.008258159003162291,,,,False,Combination violates rules,,,b5e72ab2-cfca-47b6-ac5b-774ada4fa478
small_clients_robot_60_38,FAILED,,0.00947199499933049,,,,False,Combination violates rules,,,71ef9fe6-ebbe-4343-b748-813bebc42568
small_clients_robot_60_39,FAILED,,0.010064591995615046,,,,False,Combination violates rules,,,bf9a9978-d417-4ef4-8d11-bec797f83b05
small_clients_robot_60_40,FAILED,,0.01040140999975847,,,,False,Combination violates rules,,,eeeb86c9-cd87-4273-a09e-d08f2f3ff40c
small_clients_robot_60_41,FAILED,,0.010337055995478295,,,,False,Requested features not provided,,,5e16cb6c-b076-4aa8-bd4b-69017f27df5a
small_clients_robot_60_42,FAILED,,0.010988038004143164,,,,False,Combination violates rules,,,4543fac3-90a7-4054-a4db-e8599de18bf1
small_clients_robot_60_43,FAILED,,0.01159088400163455,,,,False,Combination violates rules,,,ad02faec-f547-49af-818a-800cb0a23d04
small_clients_robot_60_44,FAILED,,0.012127893998695072,,,,False,Combination violates rules,,,0574102f-2edf-42e2-839b-41040fa7efbc
small_clients_robot_60_45,FAILED,,0.012658628002100158,,,,False,Requested features not provided,,,08d5003c-1a5a-4105-a769-a2d57d299b89
small_clients_robot_60_46,FAILED,,0.012543142998765688,,,,False,Combination violates rules,,,d464fcea-5226-4e68-8651-926806e5e967
small_clients_robot_60_47,FAILED,,0.011421563001931645,,,,False,Requested features not provided,,,78b8c4ca-1706-4722-9303-55e29d3cef0d
small_clients_robot_60_48,FAILED,,0.011266353001701646,,,,False,Combination violates rules,,,5d4bc065-3697-4280-8b78-689bf9a7d736
small_clients_robot_60_49,FAILED,,0.010781217002659105,,,,False,Combination violates rules,,,4fcffc4a-144a-4e00-a831-dbefc6c5ed01
small_clients_robot_60_50,FAILED,,0.010416049000923522,,,,False,Combination violates rules,,,55766263-8cb0-4588-81a1-f0b2b6499e5a
small_clients_robot_60_51,FAILED,,0.010267047997331247,,,,False,Combination violates rules,,,1b949b24-0925-4a3f-a99b-94b40c8a475a
small_clients_robot_60_52,FAILED,,0.009879691999231,,,,False,Requested features not provided,,,473d92c5-bf0d-4321-84b2-55f5b1d02258
small_clients_robot_60_53,FAILED,,0.009917078001308255,,,,False,Combination violates rules,,,f6fcfe72-f994-4abc-9eab-421ac5ea870c
small_clients_robot_60_54,FAILED,,0.01006717999553075,,,,False,Requested features not provided,,,4f9ba8a9-84b4-43d1-ae0d-68bc4d74243c
small_clients_robot_60_55,FAILED,,0.00961726700188592,,,,False,Requested features not provided,,,f1103a78-d0ec-472e-8bcb-3128be0dd928
small_clients_robot_60_56,FAILED,,0.009230179006408434,,,,False,Combination violates rules,,,dea03ce0-a98c-46f1-990e-425ac18dac76
small_clients_robot_60_57,FAILED,,0.008866617994499393,,,,False,Combination violates rules,,,4b863e25-c650-4637-803a-4c346eda4f25
small_clients_robot_60_58,FAILED,,0.008620360000350047,,,,False,Requested features not provided,,,028eaa59-edcf-4c59-8f67-2a3509d5a762
small_clients_robot_60_59,FAILED,,0.008506505000696052,,,,False,Combination violates rules,,,749d9cd6-c559-4e3a-b62e-98488467a23f
small_clients_robot_60_60,FAILED,,0.008408080000663176,,,,False,Requested features not provided,,,1929fbd7-5606-4796-9a15-5f5d9611fa78
small_clients_robot_60_61,FAILED,,0.008591707002779003,,,,False,Requested features not provided,,,90aaabd8-447d-48f4-982a-412f0e2183b4
small_clients_robot_60_62,FAILED,,0.008727628002816346,,,,False,Combination violates rules,,,64d99862-1839-40bd-8eae-177c9d190732
small_clients_robot_60_63,FAILED,,0.008493830006045755,,,,False,Requested features not provided,,,46f9e856-d73a-4c53-992f-c3415ee86376
small_clients_robot_60_64,FAILED,,0.008323999005369842,,,,False,Combination violates rules,,,9c3efba6-2fbc-45b6-9785-70212588f447
small_clients_robot_60_65,FAILED,,0.008308609998493921,,,,False,Requested features not provided,,,a1fed390-66c8-41d1-a2df-ad4d91614f57
small_clients_robot_60_66,FAILED,,0.008220859999710228,,,,False,Combination violates rules,,,f8e95f86-966b-44c2-9e1d-56d720c0e48d
small_clients_robot_60_67,FAILED,,0.008351842996489722,,,,False,Combination violates rules,,,9365d96c-1513-4a44-9f4f-5c7c741fe731
small_clients_robot_60_68,FAILED,,0.007888257001468446,,,,False,Combination violates rules,,,705e1314-4409-48b9-bf70-c47975bcf69b
small_clients_robot_60_69,FAILED,,0.0079604959973949,,,,False,Combination violates rules,,,f95a7c04-da25-4b19-8154-b90730853f7d
small_clients_robot_60_70,FAILED,,0.008046113995078485,,,,False,Combination violates rules,,,408a080d-38da-41f4-b068-64b6e156ef35
small_clients_robot_60_71,FAILED,,0.008328856994921807,,,,False,Combination violates rules,,,db6a9a0e-7f74-4e3d-81b4-48a41790cddb
small_clients_robot_60_72,FAILED,,0.00807532599719707,,,,False,Combination violates rules,,,a41d14e1-1205-4705-ab21-c2ea8e88da9a
small_clients_robot_60_73,FAILED,,0.008218533999752253,,,,False,Combination violates rules,,,f8f58513-532e-44b9-828e-7e21d6c101ca
small_clients_robot_60_74,FAILED,,0.007955096996738575,,,,False,Requested features not provided,,,9cbe9756-3c44-4721-b3cb-f8348921f0ff
small_clients_robot_60_75,FAILED,,0.00773542500246549,,,,False,Requested features not provided,,,5b91823b-c937-4d33-9c1d-a882c5d14cf6
small_clients_robot_60_76,FAILED,,0.007649004000995774,,,,False,Combination violates rules,,,b3dc8855-c68d-4c07-8873-dbb43f4c49c7
small_clients_robot_60_77,FAILED,,0.008156383002642542,,,,False,Combination violates rules,,,45eaf011-49be-4afe-a4f3-ec1134e2ea84
small_clients_robot_60_78,FAILED,,0.007784149995131884,,,,False,Combination violates rules,,,de2e805a-45fd-4340-90f4-6a951ab6f377
small_clients_robot_60_79,FAILED,,0.007790298004692886,,,,False,Combination violates rules,,,1c33fd9c-3ec3-47ea-ba5e-f446bb53b741
small_clients_robot_60_80,FAILED,,0.0077256259974092245,,,,False,Combination violates rules,,,cc67fd11-7a54-4866-b346-6521a1ac1908
small_clients_robot_60_81,FAILED,,0.007638579001650214,,,,False,Combination violates rules,,,45648880-e313-4c4c-ad93-6b5d28ff1826
small_clients_robot_60_82,FAILED,,0.007589552995341364,,,,False,Requested features not provided,,,7d7eb80e-dd6b-4fa9-84f7-a77d7e777638
small_clients_robot_60_83,FAILED,,0.0076613310011452995,,,,False,Combination violates rules,,,607472d6-afb0-404b-89a8-1ee902054f23
small_clients_robot_60_84,FAILED,,0.007825534994481131,,,,False,Combination violates rules,,,1411e3b4-cf0c-47e0-9c50-78c07cc58735
small_clients_robot_60_85,FAILED,,0.007812853997165803,,,,False,Requested features not provided,,,241b8ba1-d6f6-4ebf-a860-95062a08166c
small_clients_robot_60_86,FAILED,,0.0077465750000556,,,,False,Combination violates rules,,,fbc45616-bf24-48c8-b8b4-ebbb61637401
small_clients_robot_60_87,FAILED,,0.008626907998404931,,,,False,Combination violates rules,,,4073d571-495e-4bd2-a3b9-14d1d309c2fe
small_clients_robot_60_88,FAILED,,0.009391791994858067,,,,False,Combination violates rules,,,97e010fa-f52f-47af-a7a6-c8536f4f169e
small_clients_robot_60_89,FAILED,,0.01049674899695674,,,,False,Combination violates rules,,,c34fc495-b629-433e-9549-f28238df1833
small_clients_robot_60_90,FAILED,,0.011742764996597543,,,,False,Combination violates rules,,,94b71fff-7644-4ae8-9d35-ea991730129e
small_clients_robot_60_91,FAILED,,0.012312313003349118,,,,False,Combination violates rules,,,1cc312a2-7a20-46e6-8868-f1af4385a380
small_clients_robot_60_92,FAILED,,0.012782612000592053,,,,False,Combination violates rules,,,68296649-2ba5-4b9e-ba85-326fab5a4512
small_clients_robot_60_93,FAILED,,0.013347897001949605,,,,False,Combination violates rules,,,fe93e670-955b-46f6-ab5c-978ab341c19e
small_clients_robot_60_94,FAILED,,0.013080431002890691,,,,False,Requested features not provided,,,d3667da6-20bc-4d7d-a5ff-f1cafd46b736
small_clients_robot_60_95,FAILED,,0.014010764003614895,,,,False,Requested features not provided,,,f5d44fa1-ac85-4197-83cb-22abc0fe3277
small_clients_robot_60_96,FAILED,,0.014076797000598162,,,,False,Requested features not provided,,,612a7528-9a9f-4072-9e0d-4bb70bb994c3
small_clients_robot_60_97,FAILED,,0.014810312997724395,,,,False,Combination violates rules,,,21a9b377-6b2b-4243-afb6-7e49aaf1c40c
small_clients_robot_60_98,FAILED,,0.014317415996629279,,,,False,Combination violates rules,,,182b8baf-a35f-4423-a6b0-a527563c1005
small_clients_robot_60_99,FAILED,,0.013994856999488547,,,,False,Combination violates rules,,,0482738a-1b2c-4116-8969-00ba8edbca75
small_devices_lidar_50_0,FAILED,,0.01183237799705239,,,,False,Combination violates rules,,,1cb74786-070f-4af3-95be-48afd555a5b8
small_devices_lidar_50_1,FAILED,,0.011982161995547358,,,,False,Combination violates rules,,,490144fb-116a-464b-bea6-26afadc7ed77
small_devices_lidar_50_2,FAILED,,0.011108669001259841,,,,False,Combination violates rules,,,4854f9b8-3c04-4236-babc-7e53ddee1761
small_devices_lidar_50_3,FAILED,,0.010635238002578262,,,,False,Combination violates rules,,,42f3b8ea-0ffd-42c9-be4a-3aa4fd51274c
small_devices_lidar_50_4,FAILED,,0.010112757001479622,,,,False,Combination violates rules,,,450cf321-9b5b-404e-b723-d5c7bec89618
small_devices_lidar_50_5,FAILED,,0.009863296996627469,,,,False,Combination violates rules,,,1407a31e-3e2a-4bfc-9459-0479acb4f578
small_devices_lidar_50_6,FAILED,,0.009793559001991525,,,,False,Combination violates rules,,,ab60ee41-706c-4200-a1ca-33dc761cb259
small_devices_lidar_50_7,FAILED,,0.00985975300136488,,,,False,Combination violates rules,,,66a28198-737c-4607-b70f-5bf650945d39
small_devices_lidar_50_8,FAILED,,0.009684861004643608,,,,False,Combination violates rules,,,a7aab6d6-321b-4791-a667-3589173b37a1
small_devices_lidar_50_9,FAILED,,0.009707415003504138,,,,False,Combination violates rules,,,dba104af-37ba-4dcf-b529-971e1671f947
small_devices_lidar_50_10,FAILED,,0.009692950996395666,,,,False,Combination violates rules,,,68f7f996-ff30-4dd8-9bdd-7e2f3493e640
small_devices_lidar_50_11,FAILED,,0.009852885996224359,,,,False,Combination violates rules,,,6c769192-c2d4-4aaa-8795-804db43f93db
small_devices_lidar_50_12,FAILED,,0.009954526998626534,,,,False,Combination violates rules,,,66522743-e2c0-4b6e-abc6-aee6d99291fe
small_devices_lidar_50_13,FAILED,,0.009363154000311624,,,,False,Combination violates rules,,,507a7576-172d-4d14-9e40-841a9d42f09a
small_devices_lidar_50_14,FAILED,,0.00908570599858649,,,,False,Combination violates rules,,,988b7ff7-f7dd-4966-ab0a-f27dca359fea
small_devices_lidar_50_15,FAILED,,0.008810313003777992,,,,False,Combination violates rules,,,b8865473-bebb-4946-ae46-6f43914a98f2
small_devices_lidar_50_16,FAILED,,0.008731969996006228,,,,False,Combination violates rules,,,773ce229-f439-4a67-8260-c2dd7889cbb3
small_devices_lidar_50_17,FAILED,,0.00840414100093767,,,,False,Combination violates rules,,,bae5990d-cd9f-46ce-90cf-68951e77003a
small_devices_lidar_50_18,FAILED,,0.008402888001000974,,,,False,Combination violates rules,,,51377d71-fb83-4b54-ab8d-4e6502d8ed6b
small_devices_lidar_50_19,FAILED,,0.008037972002057359,,,,False,Combination violates rules,,,ec7e2280-5bfc-4306-be82-3e780118b305
small_devices_lidar_50_20,FAILED,,0.008146722997480538,,,,False,Combination violates rules,,,42bb4bd0-1590-474f-86d7-18606be21043
small_devices_lidar_50_21,FAILED,,0.007875008996052202,,,,False,Combination violates rules,,,85fb5ff2-092d-4fc4-8ae6-c6d2792036b0
small_devices_lidar_50_22,FAILED,,0.00770687400654424,,,,False,Combination violates rules,,,78c9dbd2-0ee4-4113-8937-c1ec5bcbb281
small_devices_lidar_50_23,FAILED,,0.007822567997209262,,,,False,Combination violates rules,,,981716a8-16bc-4866-92de-a583f494543e
small_devices_lidar_50_24,FAILED,,0.007652713000425138,,,,False,Combination violates rules,,,6a2eea44-2fc9-45d0-a663-6cc3711c01f3
small_devices_lidar_50_25,FAILED,,0.007528207999712322,,,,False,Combination violates rules,,,68da37ad-835d-4fbd-8cbd-403c7f309fbb
small_devices_lidar_50_26,FAILED,,0.007444000999385025,,,,False,Combination violates rules,,,b91bfaf4-5eba-4b18-8e76-17c45ef2af42
small_devices_lidar_50_27,FAILED,,0.007775771999149583,,,,False,Combination violates rules,,,e13c9660-c699-49f4-8465-cdcfb235122e
small_devices_lidar_50_28,FAILED,,0.007728159995167516,,,,False,Combination violates rules,,,76f8c7b1-55b9-482f-bfc4-7bdb3c98e8dc
small_devices_lidar_50_29,FAILED,,0.0075558590033324435,,,,False,Combination violates rules,,,350c270b-2a37-429c-a2a5-add20e8746a3
small_devices_lidar_50_30,FAILED,,0.007646070000191685,,,,False,Combination violates rules,,,9227cc25-382d-469a-8a65-53412e6a9c7c
small_devices_lidar_50_31,FAILED,,0.0077547149994643405,,,,False,Combination violates rules,,,d21ce5bf-17d0-4145-9668-4f735bd2cd26
small_devices_lidar_50_32,FAILED,,0.007213208002212923,,,,False,Combination violates rules,,,552a2fb9-82a3-4710-83b2-d8e05a2fda60
small_devices_lidar_50_33,FAILED,,0.007221696003398392,,,,False,Combination violates rules,,,11c64ff9-0b58-41be-8440-97eac3ae2158
small_devices_lidar_50_34,FAILED,,0.007330467997235246,,,,False,Combination violates rules,,,68a33438-4db8-4023-bea7-033aac996058
small_devices_lidar_50_35,FAILED,,0.007514159005950205,,,,False,Combination violates rules,,,0d30243c-a2e0-48b9-bba9-7c78afccbb09
small_devices_lidar_50_36,FAILED,,0.0070490040016011335,,,,False,Combination violates rules,,,bdb0bba0-834d-43ad-8c0c-89d8bfb2141c
small_devices_lidar_50_37,FAILED,,0.007250212998769712,,,,False,Combination violates rules,,,bc987b2d-8cc3-4421-84fa-aaffd4d3cbdd
small_devices_lidar_50_38,FAILED,,0.007120089001546148,,,,False,Combination violates rules,,,fee9dd19-8a68-41e6-88c3-379b492d801f
small_devices_lidar_50_39,FAILED,,0.007169976001023315,,,,False,Combination violates rules,,,79c354a8-97b8-4243-82ef-c96d806062b1
small_devices_lidar_50_40,FAILED,,0.006846512005722616,,,,False,Combination violates rules,,,bcad8230-6f61-4464-899d-ebd59d595ad3
small_devices_lidar_50_41,FAILED,,0.006884033005917445,,,,False,Combination violates rules,,,0a690faa-636a-4264-a62e-22563858ba72
small_devices_lidar_50_42,FAILED,,0.006907333998242393,,,,False,Combination violates rules,,,db8343ad-2743-4c0f-9850-9098a1182ec2
small_devices_lidar_50_43,FAILED,,0.006935892000910826,,,,False,Combination violates rules,,,b69351fe-00bf-4c15-9ded-bbfc16bbd2af
small_devices_lidar_50_44,FAILED,,0.006768605999241117,,,,False,Combination violates rules,,,2f00029f-54a4-4f36-808d-d8cc8b32fe46
small_devices_lidar_50_45,FAILED,,0.006709092995151877,,,,False,Combination violates rules,,,5fc27b93-b5e6-441b-84bd-82763cdcacdf
small_devices_lidar_50_46,FAILED,,0.006757319999451283,,,,False,Combination violates rules,,,4f7a76ce-7357-4cc8-9ef2-3a79656d668d
small_devices_lidar_50_47,FAILED,,0.006647743000939954,,,,False,Combination violates rules,,,f1653804-c1e2-4492-9874-b3e49cdfb069
small_devices_lidar_50_48,FAILED,,0.007337014998483937,,,,False,Combination violates rules,,,a919538d-559d-4c8e-9355-54c29d1e02af
small_devices_lidar_50_49,FAILED,,0.00789450500451494,,,,False,Combination violates rules,,,83c28690-300b-46bc-9a1c-7ac5c9d9d61e
small_devices_lidar_50_50,FAILED,,0.008105374996375758,,,,False,Combination violates rules,,,a417ed45-2419-4a35-9a9c-44e3fdc4fa06
small_devices_lidar_50_51,FAILED,,0.008586502000980545,,,,False,Combination violates rules,,,8f6e74f6-44a6-4cfc-9749-03a6df44ac05
small_devices_lidar_50_52,FAILED,,0.008745742998144124,,,,False,Combination violates rules,,,28c45c89-5827-450e-9a21-d411ea62728a
small_devices_lidar_50_53,FAILED,,0.009133296996878926,,,,False,Combination violates rules,,,e0dfe85d-0388-4aa9-bc01-c5d95078aac3
small_devices_lidar_50_54,FAILED,,0.009479445994656999,,,,False,Combination violates rules,,,7d4f573e-55e6-4595-88ee-0c06f442c9ff
small_devices_lidar_50_55,FAILED,,0.009702128998469561,,,,False,Combination violates rules,,,3281b34c-4d32-4cb4-877a-76c43c7995de
small_devices_lidar_50_56,FAILED,,0.00982970799668692,,,,False,Combination violates rules,,,f69da13f-4ef2-4c09-872b-c17cab4e6f30
small_devices_lidar_50_57,FAILED,,0.010291165999660734,,,,False,Combination violates rules,,,8c49cbdf-c401-4cba-9387-0e967b64ab22
small_devices_lidar_50_58,FAILED,,0.011699285001668613,,,,False,Combination violates rules,,,ef5f69c4-8858-4840-ba62-6bcdac93265f
small_devices_lidar_50_59,FAILED,,0.010701900006097276,,,,False,Combination violates rules,,,3f289bef-f092-43a2-b08b-ca15d79f7905
small_devices_lidar_50_60,FAILED,,0.011312814996927045,,,,False,Combination violates rules,,,b2232526-58c8-462a-bd26-dbc3a81135db
small_devices_lidar_50_61,FAILED,,0.01127296299819136,,,,False,Combination violates rules,,,87c27985-76ef-45a7-80ad-0999863337ae
small_devices_lidar_50_62,FAILED,,0.011740490001102444,,,,False,Combination violates rules,,,8076dfb6-2bf2-4061-b723-ae36c96ec9eb
small_devices_lidar_50_63,FAILED,,0.011395382003684063,,,,False,Combination violates rules,,,e7f67c36-a63e-4bbf-b4c6-711568e09771
small_devices_lidar_50_64,FAILED,,0.011224358997424133,,,,False,Combination violates rules,,,d118fb10-5212-472d-8759-3f4fbf70ecb4
small_devices_lidar_50_65,FAILED,,0.010436446995299775,,,,False,Combination violates rules,,,e890e12d-e384-4c41-b4dd-252382197aa1
small_devices_lidar_50_66,FAILED,,0.011063764002756216,,,,False,Combination violates rules,,,31a367f3-3293-400e-8d76-5595de3cd01b
small_devices_lidar_50_67,FAILED,,0.010772371999337338,,,,False,Combination violates rules,,,459cc32b-b8ad-4a70-809c-1e6bc574d124
small_devices_lidar_50_68,FAILED,,0.010875692001718562,,,,False,Combination violates rules,,,18e82dc9-cd40-438b-9d7e-8a0a260513e1
small_devices_lidar_50_69,FAILED,,0.010723879000579473,,,,False,Combination violates rules,,,aef86403-a06b-4e09-93f3-4907d3dce75e
small_devices_lidar_50_70,FAILED,,0.010632079000060912,,,,False,Combination violates rules,,,720ce7a0-f9b3-4760-8cdd-99e050bb184c
small_devices_lidar_50_71,FAILED,,0.01012645899754716,,,,False,Combination violates rules,,,edd9c8a9-6efb-49fe-89fe-797a166b103c
small_devices_lidar_50_72,FAILED,,0.010117170997546054,,,,False,Combination violates rules,,,16af197b-fb45-41a8-a96e-9d2398548ba5
small_devices_lidar_50_73,FAILED,,0.010244263998174574,,,,False,Combination violates rules,,,b764f463-1708-41cf-989e-ca120e0656fe
small_devices_lidar_50_74,FAILED,,0.01021747200138634,,,,False,Combination violates rules,,,85255b4e-c5f7-42c9-bfed-267923cc0125
small_devices_lidar_50_75,FAILED,,0.01011357599782059,,,,False,Combination violates rules,,,78d65365-6a21-4a67-9517-390df77bc784
small_devices_lidar_50_76,FAILED,,0.010218311996140983,,,,False,Combination violates rules,,,bdbd5025-bae1-40b2-9203-da405835dca9
small_devices_lidar_50_77,FAILED,,0.010173331000260077,,,,False,Combination violates rules,,,63b281fc-791f-4b4f-b51b-c1088703622f
small_devices_lidar_50_78,FAILED,,0.009945844001777004,,,,False,Combination violates rules,,,9045e49f-ed39-4bc1-9868-c8863642d8b6
small_devices_lidar_50_79,FAILED,,0.009712293001939543,,,,False,Combination violates rules,,,370bd885-39aa-4644-aafb-ed5e05b72277
small_devices_lidar_50_80,FAILED,,0.009795041994948406,,,,False,Combination violates rules,,,a0e27158-121a-40ff-b74f-d3457f03a6b0
small_devices_lidar_50_81,FAILED,,0.009668177001003642,,,,False,Combination violates rules,,,bec70ca4-3515-4638-9ddf-22394e803990
small_devices_lidar_50_82,FAILED,,0.009667010999692138,,,,False,Combination violates rules,,,10b0630b-aaf7-4ec6-908e-e9b227554409
small_devices_lidar_50_83,FAILED,,0.009478422995016444,,,,False,Combination violates rules,,,a575c2d0-4fae-4b1b-9693-dbcf9452a458
small_devices_lidar_50_84,FAILED,,0.009590239998942707,,,,False,Combination violates rules,,,132643d4-1af7-4ec0-8269-1288f12ed1e7
small_devices_lidar_50_85,FAILED,,0.009816258003411349,,,,False,Combination violates rules,,,4b0f735f-7164-453c-bf62-18e9fadab848
small_devices_lidar_50_86,FAILED,,0.009708662000775803,,,,False,Combination violates rules,,,cd612602-f9bd-4fe2-aeef-daf383e16a6d
small_devices_lidar_50_87,FAILED,,0.00969811099639628,,,,False,Combination violates rules,,,c0dfeda8-a99e-46ce-bb3f-32de9961e19c
small_devices_lidar_50_88,FAILED,,0.00949811800091993,,,,False,Combination violates rules,,,2f238100-7a92-448b-a68f-10d9eace95a4
small_devices_lidar_50_89,FAILED,,0.009355465001135599,,,,False,Combination violates rules,,,493d8446-111e-4b63-8ab6-4523cd07eaef
small_devices_lidar_50_90,FAILED,,0.009445897005207371,,,,False,Combination violates rules,,,774c95ce-fce0-4313-88d1-d9f20975a202
small_devices_lidar_50_91,FAILED,,0.009305902000050992,,,,False,Combination violates rules,,,a343418a-40d6-428b-aafe-c3e91a634ecd
small_devices_lidar_50_92,FAILED,,0.00948492500174325,,,,False,Combination violates rules,,,f7b8c922-c195-4729-8bee-c61c4cd5b776
small_devices_lidar_50_93,FAILED,,0.00940021499991417,,,,False,Combination violates rules,,,4d88db27-3809-4f36-8f07-4676463a69b4
small_devices_lidar_50_94,FAILED,,0.009239455001079477,,,,False,Combination violates rules,,,36446ecd-0628-4d54-8edf-d970afffd2ea
small_devices_lidar_50_95,FAILED,,0.00921757899777731,,,,False,Combination violates rules,,,a7a237db-47d1-4094-a9cd-dd38d62bd213
small_devices_lidar_50_96,FAILED,,0.009429073994397186,,,,False,Combination violates rules,,,5bed216f-34a2-4341-a4f1-41bbc9a8b37d
small_devices_lidar_50_97,FAILED,,0.00889807000203291,,,,False,Combination violates rules,,,b240f92a-a275-40a4-800b-9053277ac3ba
small_devices_lidar_50_98,FAILED,,0.009012107999296859,,,,False,Combination violates rules,,,6f92ddea-9c87-4f30-bf83-700f7ec5fed5
small_devices_lidar_50_99,FAILED,,0.008516882997355424,,,,False,Combination violates rules,,,dccb2838-67ca-4d00-ace0-9a8fdc174582
small_devices_lidar_100_0,FAILED,,0.009028045999002643,,,,False,Combination violates rules,,,7d5ee38b-d07b-48a2-bed3-4db3b53d4bd6
small_devices_lidar_100_1,FAILED,,0.00880118000350194,,,,False,Combination violates rules,,,b37facfd-b748-4df5-9822-bcf0c8224f0b
small_devices_lidar_100_2,FAILED,,0.00841289999516448,,,,False,Combination violates rules,,,085bcc20-449b-4851-bf37-2804acb587be
small_devices_lidar_100_3,FAILED,,0.008466717001283541,,,,False,Combination violates rules,,,bd05a2d9-6d82-4a45-81b3-97714841dbf1
small_devices_lidar_100_4,FAILED,,0.008206630998756737,,,,False,Combination violates rules,,,84f031ab-32ff-4b36-a3cf-cbdcc50ecae1
small_devices_lidar_100_5,FAILED,,0.00828432799607981,,,,False,Not sufficient Resources,,,c6ce1706-c772-4cc6-a045-8f84e42403b8
small_devices_lidar_100_6,FAILED,,0.00817901599657489,,,,False,Not sufficient Resources,,,f16b6ec1-c42f-4741-b54e-363eff2e71ea
small_devices_lidar_100_7,FAILED,,0.007949601000291295,,,,False,Combination violates rules,,,0fe4e73b-48d0-46a9-8664-0c062de85204
small_devices_lidar_100_8,FAILED,,0.007979148998856544,,,,False,Combination violates rules,,,f1a0fc49-6755-4a84-90de-3733a882e8b3
small_devices_lidar_100_9,FAILED,,0.00810928399732802,,,,False,Combination violates rules,,,85386a9f-f45b-4245-b015-df8fff93af1f
small_devices_lidar_100_10,FAILED,,0.008039284999540541,,,,False,Not sufficient Resources,,,a1e4e718-ed4a-4ba3-a7da-c38fc7c48419
small_devices_lidar_100_11,FAILED,,0.007925496000098065,,,,False,Combination violates rules,,,bc812e20-543e-4da2-8092-db68f9e7f137
small_devices_lidar_100_12,FAILED,,0.007858363998821005,,,,False,Not sufficient Resources,,,6774bae2-8987-4470-b2e0-7d7176e6ae4c
small_devices_lidar_100_13,FAILED,,0.0076630519979516976,,,,False,Not sufficient Resources,,,4ef69ec9-b816-40c0-8587-ae3ea86053ed
small_devices_lidar_100_14,FAILED,,0.007650544997886755,,,,False,Combination violates rules,,,94a08c89-ff80-4580-b95b-0c3996384518
small_devices_lidar_100_15,FAILED,,0.007501038002374116,,,,False,Combination violates rules,,,2ca34e12-5bef-4a33-86ee-be751f0b5665
small_devices_lidar_100_16,FAILED,,0.008294813000247814,,,,False,Requested features not provided,,,e80d4041-9e75-4c90-ad81-89917d321ebc
small_devices_lidar_100_17,FAILED,,0.008854026993503794,,,,False,Combination violates rules,,,6bc6b888-3fab-4376-9434-4c6b05bca09c
small_devices_lidar_100_18,FAILED,,0.00817790500150295,,,,False,Combination violates rules,,,284cf65f-a674-4981-8ef3-ea2700143be6
small_devices_lidar_100_19,FAILED,,0.008258791000116616,,,,False,Not sufficient Resources,,,73111d8d-2400-4926-865f-90b3d67a434c
small_devices_lidar_100_20,FAILED,,0.007792317002895288,,,,False,Combination violates rules,,,f9e7e465-258a-4b98-8ec5-faeec818b396
small_devices_lidar_100_21,FAILED,,0.007842439001251478,,,,False,Combination violates rules,,,6a508116-dbed-42ac-bf9d-5d81af92332a
small_devices_lidar_100_22,FAILED,,0.007830413000192493,,,,False,Not sufficient Resources,,,30098fb5-f4e0-4f9b-8725-f29e87390629
small_devices_lidar_100_23,FAILED,,0.007848890003515407,,,,False,Combination violates rules,,,7bd4de87-9e53-4b4a-bbd3-48cb36c482f0
small_devices_lidar_100_24,FAILED,,0.0076567259966395795,,,,False,Combination violates rules,,,91a932d5-eb45-4dfd-ab1a-da8c96abcd84
small_devices_lidar_100_25,FAILED,,0.007665818993700668,,,,False,Combination violates rules,,,1e3806a7-77d1-438c-94b5-679b881dfb23
small_devices_lidar_100_26,FAILED,,0.0075757580052595586,,,,False,Combination violates rules,,,b6e41ff2-392b-46a6-b48c-f6e94b278358
small_devices_lidar_100_27,FAILED,,0.007893807996879332,,,,False,Combination violates rules,,,e1157dfd-0b3d-4d04-9272-8e8dea5ce53a
small_devices_lidar_100_28,FAILED,,0.007864601000619587,,,,False,Combination violates rules,,,c58a24b9-502d-4bed-95cb-c1e19713624b
small_devices_lidar_100_29,FAILED,,0.007224000000860542,,,,False,Combination violates rules,,,e72e0012-c523-4d44-8d63-1791212bb886
small_devices_lidar_100_30,FAILED,,0.007374455999524798,,,,False,Not sufficient Resources,,,4dafee39-8921-4a86-8d4b-d44bd7a5aa65
small_devices_lidar_100_31,FAILED,,0.007388535996142309,,,,False,Combination violates rules,,,5fca5794-0d58-4c3f-9b7a-6fefbcf7b44b
small_devices_lidar_100_32,FAILED,,0.0073625060031190515,,,,False,Not sufficient Resources,,,caaae0ed-3a94-4b96-95e2-3168d406093a
small_devices_lidar_100_33,FAILED,,0.007421180001983885,,,,False,Combination violates rules,,,0699f498-107a-40fa-9564-e12b82a43ca5
small_devices_lidar_100_34,FAILED,,0.007380795999779366,,,,False,Not sufficient Resources,,,b3626353-8c91-4eff-abe7-62344f982eb6
small_devices_lidar_100_35,FAILED,,0.007224966000649147,,,,False,Combination violates rules,,,820af38c-b06f-4763-a217-8983bcf00495
small_devices_lidar_100_36,FAILED,,0.007118347995856311,,,,False,Combination violates rules,,,38ce6196-3ddc-443b-b302-880a5dbd3b76
small_devices_lidar_100_37,FAILED,,0.007224542001495138,,,,False,Not sufficient Resources,,,4879d480-fe91-452e-8a38-fd6458d6042b
small_devices_lidar_100_38,FAILED,,0.007155653998779599,,,,False,Combination violates rules,,,39d92219-ab3d-4bd5-a909-0f0136bab45d
small_devices_lidar_100_39,FAILED,,0.0070591410039924085,,,,False,Not sufficient Resources,,,9e25724c-867d-4b1d-a7bb-79f6e9567d22
small_devices_lidar_100_40,FAILED,,0.007174890000896994,,,,False,Combination violates rules,,,befa4862-d006-41b4-8796-136ff4d1e326
small_devices_lidar_100_41,FAILED,,0.007006372004980221,,,,False,Not sufficient Resources,,,0cbef6e9-45f4-4cd6-be6a-af45e17e8922
small_devices_lidar_100_42,FAILED,,0.007133882005291525,,,,False,Not sufficient Resources,,,f0c9498a-d885-4bb4-aed5-ad415f284a07
small_devices_lidar_100_43,FAILED,,0.007061255004373379,,,,False,Combination violates rules,,,4f150336-0702-461b-b549-94effe4a67b1
small_devices_lidar_100_44,FAILED,,0.007074585999362171,,,,False,Combination violates rules,,,874b42a3-f67c-494d-8339-3511df1069da
small_devices_lidar_100_45,FAILED,,0.007273112001712434,,,,False,Combination violates rules,,,48274611-41f0-4ed7-88e0-7f5d72790259
small_devices_lidar_100_46,FAILED,,0.007147484997403808,,,,False,Combination violates rules,,,bda43bfc-3775-4eeb-8ae2-ea7d542fd88b
small_devices_lidar_100_47,FAILED,,0.007333754001592752,,,,False,Combination violates rules,,,94eef0f2-a4ea-476f-ad82-98dd0b32a64c
small_devices_lidar_100_48,FAILED,,0.007286754000233486,,,,False,Combination violates rules,,,780273e6-9b22-40b6-81ad-e6043e8ec4b9
small_devices_lidar_100_49,FAILED,,0.007200929998361971,,,,False,Requested features not provided,,,54c92aa1-9220-4682-b420-b84272d5283e
small_devices_lidar_100_50,FAILED,,0.0070924089959589764,,,,False,Combination violates rules,,,0e06b17c-15a6-4cac-9e96-4a9d4223da64
small_devices_lidar_100_51,FAILED,,0.007088341000780929,,,,False,Combination violates rules,,,fc0e987d-b008-419c-a857-3334b651a2c2
small_devices_lidar_100_52,FAILED,,0.007121251001080964,,,,False,Combination violates rules,,,5cc25cff-dd1a-4e4f-8340-e872b54ae219
small_devices_lidar_100_53,FAILED,,0.007102793999365531,,,,False,Combination violates rules,,,b2d72836-63d4-437d-9923-3fcf4b544a56
small_devices_lidar_100_54,FAILED,,0.0072006360060186125,,,,False,Combination violates rules,,,a1151fba-deba-41c8-be01-2b08277bf9bc
small_devices_lidar_100_55,FAILED,,0.007242161998874508,,,,False,Combination violates rules,,,39627889-ce87-4b24-ba11-d987b35b64ac
small_devices_lidar_100_56,FAILED,,0.007287612002983224,,,,False,Not sufficient Resources,,,95f37160-eee8-4c9b-b9f7-4bd524937e72
small_devices_lidar_100_57,FAILED,,0.008787476996076293,,,,False,Combination violates rules,,,449482ec-5383-4209-b20c-4f71c06de68b
small_devices_lidar_100_58,FAILED,,0.007824735999747645,,,,False,Combination violates rules,,,f8f9db3d-4627-4444-b04c-366811efea7b
small_devices_lidar_100_59,FAILED,,0.007870235000154935,,,,False,Combination violates rules,,,a7d2eafa-731a-4393-a400-9e807372d09a
small_devices_lidar_100_60,FAILED,,0.007783672997902613,,,,False,Combination violates rules,,,46ee9125-6c96-4970-800e-512966e35efb
small_devices_lidar_100_61,FAILED,,0.007542147002823185,,,,False,Combination violates rules,,,4d9a61de-06ca-46f7-96cd-a1f18fe74369
small_devices_lidar_100_62,FAILED,,0.00719018500240054,,,,False,Combination violates rules,,,129adcf2-d2ec-403d-a345-d357a848ce28
small_devices_lidar_100_63,FAILED,,0.007203248998848721,,,,False,Combination violates rules,,,66f3667b-5e25-4b4e-99bf-c0a15a3c89a9
small_devices_lidar_100_64,FAILED,,0.00698960899899248,,,,False,Combination violates rules,,,2e5a174c-9214-4fbf-8b84-ccd48c5c6a75
small_devices_lidar_100_65,FAILED,,0.007193346995336469,,,,False,Not sufficient Resources,,,fbc93354-f508-4f56-9300-31c5d91ed0c1
small_devices_lidar_100_66,FAILED,,0.007145788003981579,,,,False,Combination violates rules,,,8c5a37dc-306f-4ff9-b9d9-0ab62e253610
small_devices_lidar_100_67,FAILED,,0.0070865230009076186,,,,False,Combination violates rules,,,bab0e8fa-6781-4e96-a529-d5983db32e8e
small_devices_lidar_100_68,FAILED,,0.007202007000159938,,,,False,Combination violates rules,,,f6001446-a8bf-4bac-a8a1-3df2e1cef744
small_devices_lidar_100_69,FAILED,,0.006916578997334,,,,False,Requested features not provided,,,3d8b26bb-2f04-42c3-8667-7b88592ead4e
small_devices_lidar_100_70,FAILED,,0.006881146000523586,,,,False,Combination violates rules,,,b641d607-8e3e-4af5-9a23-5a1ca83a35ca
small_devices_lidar_100_71,FAILED,,0.007130296995455865,,,,False,Combination violates rules,,,19933684-d84a-45af-b7ba-d08307f8f0f4
small_devices_lidar_100_72,FAILED,,0.006863741000415757,,,,False,Combination violates rules,,,c950ddba-8b25-4bd5-9c92-76bbf5da122a
small_devices_lidar_100_73,FAILED,,0.006857816995761823,,,,False,Combination violates rules,,,41c14e88-d12c-47b9-883c-653ad0fab8f0
small_devices_lidar_100_74,FAILED,,0.006966997993004043,,,,False,Not sufficient Resources,,,db971964-d176-4317-8a04-2ed0e9ccaf86
small_devices_lidar_100_75,FAILED,,0.006825257005402818,,,,False,Combination violates rules,,,f8a65382-f208-4f56-b67b-0856a06aa740
small_devices_lidar_100_76,FAILED,,0.007044111996947322,,,,False,Not sufficient Resources,,,bb69469b-7908-4f91-a30b-2ccce2ae5cdb
small_devices_lidar_100_77,FAILED,,0.0068898870013072155,,,,False,Combination violates rules,,,f5ffc269-ad0e-4b55-8e5e-1a212e3d44f3
small_devices_lidar_100_78,FAILED,,0.007072856002196204,,,,False,Combination violates rules,,,7dabf4d0-687c-44cf-9a5f-d5389bf679d3
small_devices_lidar_100_79,FAILED,,0.007197396997071337,,,,False,Combination violates rules,,,40f86653-b9d1-44e5-9cc4-c671d385614d
small_devices_lidar_100_80,FAILED,,0.00702019299933454,,,,False,Combination violates rules,,,431609d1-4e43-4078-9542-2101922f97ca
small_devices_lidar_100_81,FAILED,,0.007037305003905203,,,,False,Combination violates rules,,,bd5518df-0412-4b62-b000-6871d314118e
small_devices_lidar_100_82,FAILED,,0.00715298699651612,,,,False,Combination violates rules,,,e2bb3276-741c-4a7a-8b30-6973346b8497
small_devices_lidar_100_83,FAILED,,0.0071793819952290505,,,,False,Combination violates rules,,,45b9df72-ffb7-49b4-a1e7-997ee6330ad6
small_devices_lidar_100_84,FAILED,,0.007209436000266578,,,,False,Not sufficient Resources,,,32971348-3c5c-4f9a-835a-6b29f2941f3d
small_devices_lidar_100_85,FAILED,,0.007137836000765674,,,,False,Not sufficient Resources,,,0cc9c345-39ec-42e4-bb04-8ad519b56bd2
small_devices_lidar_100_86,FAILED,,0.007004867002251558,,,,False,Combination violates rules,,,7882c58c-1cbe-4b44-99de-38ba01e630b9
small_devices_lidar_100_87,FAILED,,0.006936673999007326,,,,False,Not sufficient Resources,,,26041fa8-ac55-44c2-ad6f-994ce488e1d0
small_devices_lidar_100_88,FAILED,,0.006963667998206802,,,,False,Not sufficient Resources,,,2238890f-89a8-4126-b2de-09919c5901b2
small_devices_lidar_100_89,FAILED,,0.006833045001258142,,,,False,Combination violates rules,,,47fbd408-487e-4111-b495-2ea72090b7f6
small_devices_lidar_100_90,FAILED,,0.006988742003159132,,,,False,Combination violates rules,,,df73688d-155c-42a8-9de9-c5fe7a20720f
small_devices_lidar_100_91,FAILED,,0.006975773001613561,,,,False,Combination violates rules,,,6a99e826-28fc-4e09-97e7-9db2d573758e
small_devices_lidar_100_92,FAILED,,0.006858436994662043,,,,False,Combination violates rules,,,e3e4390a-237d-48ee-b730-4bbdcabc1513
small_devices_lidar_100_93,FAILED,,0.0069086139992577955,,,,False,Not sufficient Resources,,,d1d88694-06f9-4f04-9b13-b07b62f98437
small_devices_lidar_100_94,FAILED,,0.006760224001482129,,,,False,Combination violates rules,,,d96e8484-3f6b-4ca9-8773-9dbb6f15cfbf
small_devices_lidar_100_95,FAILED,,0.006823724994319491,,,,False,Combination violates rules,,,1caf21aa-5d54-41dc-84e9-55d93e541da0
small_devices_lidar_100_96,FAILED,,0.006914862999110483,,,,False,Combination violates rules,,,ba43485e-6880-4c27-a70c-0d16208c7913
small_devices_lidar_100_97,FAILED,,0.006732658002874814,,,,False,Requested features not provided,,,4af9a348-fcc4-4330-b76e-a8ac1fe4c257
small_devices_lidar_100_98,FAILED,,0.006724036000377964,,,,False,Combination violates rules,,,7dffc633-da8b-472c-963d-9ae284a39779
small_devices_lidar_100_99,FAILED,,0.006569548997504171,,,,False,Combination violates rules,,,7a07a09d-e2c3-4572-86c4-16cf7415a0f5
small_devices_lidar_150_0,FAILED,,0.007489510004234035,,,,False,Requested features not provided,,,e8ac9aee-ec25-459a-84e3-4e11a351d52b
small_devices_lidar_150_1,FAILED,,0.007799537997925654,,,,False,Combination violates rules,,,b7fd77dd-0e9e-4356-90ab-becaf08952c5
small_devices_lidar_150_2,FAILED,,0.007903682002506685,,,,False,Requested features not provided,,,b0999635-5d96-42bd-97cf-f8ba6ea26f87
small_devices_lidar_150_3,FAILED,,0.007670644001336768,,,,False,Combination violates rules,,,cc572fba-d3eb-4f95-bba3-ca915376db49
small_devices_lidar_150_4,FAILED,,0.007741882996924687,,,,False,Combination violates rules,,,9e23cb74-2402-4dba-9569-8561a0a14328
small_devices_lidar_150_5,FAILED,,0.007586273000924848,,,,False,Combination violates rules,,,864b3bc6-ca34-4b1c-b854-cfd4173d5dfb
small_devices_lidar_150_6,FAILED,,0.007754866004688665,,,,False,Requested features not provided,,,d37d33f4-5198-431c-a6aa-2f353cfe2e25
small_devices_lidar_150_7,FAILED,,0.008005611998669337,,,,False,Requested features not provided,,,5c4b99eb-230e-4759-b127-c457d0f4336e
small_devices_lidar_150_8,FAILED,,0.008166536994394846,,,,False,Combination violates rules,,,e2b2941f-99c4-45d6-b486-b2bf7672d0a0
small_devices_lidar_150_9,FAILED,,0.007966412995301653,,,,False,Combination violates rules,,,63850849-235c-4700-a54a-5c3d027a48e5
small_devices_lidar_150_10,FAILED,,0.008267247001640499,,,,False,Combination violates rules,,,886826fa-6399-4eae-a744-004a2fd7f481
small_devices_lidar_150_11,FAILED,,0.008422973005508538,,,,False,Requested features not provided,,,e33ac1f8-a354-4853-82d0-817351496a54
small_devices_lidar_150_12,FAILED,,0.008182811005099211,,,,False,Combination violates rules,,,fcc9fffd-f6bb-4f8f-abb7-3351560902b1
small_devices_lidar_150_13,COMPLETED,"['TELSTRA_570473', 'TELSTRA_301877', 'VODAFONE_9026099', 'TELSTRA_301321', 'TELSTRA_502093']",0.006870708006317727,,,437.30899999999997,True,,"['DATA_CENTER', 'CAMERA', 'NETWORK_NODE', 'DATA_CENTER', 'SENSOR']",,6eecdc69-e7d9-47f2-a418-51aa02607aa5
small_devices_lidar_150_14,FAILED,,0.008299363995320164,,,,False,Combination violates rules,,,73b25a82-61e8-4d36-a5ed-3f5d63d80bb4
small_devices_lidar_150_15,COMPLETED,"['TELSTRA_133210', 'TELSTRA_570473', 'TELSTRA_9001989', 'TELSTRA_502093', 'TELSTRA_9002508']",0.006718530006764922,,,377.30899999999997,True,,"['NETWORK_NODE', 'DATA_CENTER', 'NETWORK_NODE', 'SENSOR', 'DATA_CENTER']",,2f03e989-6451-4b65-ae00-e08c91d59cbc
small_devices_lidar_150_16,FAILED,,0.008410789996560197,,,,False,Combination violates rules,,,2796c095-afaf-4abf-8629-2b318b622c14
small_devices_lidar_150_17,FAILED,,0.008032668003579602,,,,False,Requested features not provided,,,383bcdbf-b76e-4ecd-981e-5e81f854127a
small_devices_lidar_150_18,FAILED,,0.008236353998654522,,,,False,Combination violates rules,,,19d09785-a09e-47cc-91fe-5652c0de7791
small_devices_lidar_150_19,FAILED,,0.007911868000519462,,,,False,Requested features not provided,,,b6d82546-8975-4dc2-8619-5e9dd959d5a9
small_devices_lidar_150_20,FAILED,,0.00829314200382214,,,,False,Combination violates rules,,,d884ccda-ef03-4346-b48f-4c4af19af923
small_devices_lidar_150_21,FAILED,,0.008204928999475669,,,,False,Requested features not provided,,,a5026d52-3f96-4f84-9d71-083ae2ef80e5
small_devices_lidar_150_22,FAILED,,0.008595211002102587,,,,False,Not sufficient Resources,,,2d57264f-b660-45e6-870f-c0dd233dd46b
small_devices_lidar_150_23,FAILED,,0.008419231002335437,,,,False,Combination violates rules,,,f496877a-1a4b-48da-9be5-50be0a3137b4
small_devices_lidar_150_24,FAILED,,0.008247470999776851,,,,False,Combination violates rules,,,37cc8700-bbd1-4db2-b476-c5c5fa26b3e6
small_devices_lidar_150_25,FAILED,,0.008383413005503826,,,,False,Combination violates rules,,,d52795a8-0560-451d-9c9d-dd1176ac7de3
small_devices_lidar_150_26,FAILED,,0.00813112199830357,,,,False,Requested features not provided,,,f4eb8f65-49ea-4b10-926d-c43de52629e3
small_devices_lidar_150_27,FAILED,,0.008227001002524048,,,,False,Combination violates rules,,,90b1e8e0-41b2-473e-b838-0d6c3d63e420
small_devices_lidar_150_28,FAILED,,0.008512816995789763,,,,False,Combination violates rules,,,92b52101-0ae8-47b9-9624-4ae574f54fe8
small_devices_lidar_150_29,FAILED,,0.008160678997228388,,,,False,Combination violates rules,,,0ac46a6f-a093-4511-a678-687d40478e8d
small_devices_lidar_150_30,FAILED,,0.007886751998739783,,,,False,Combination violates rules,,,3a30d76b-10e5-477e-b7e2-21d7be14fe07
small_devices_lidar_150_31,FAILED,,0.007905826001660898,,,,False,Combination violates rules,,,78e134bd-018e-4931-9f9f-8bd4af04aa01
small_devices_lidar_150_32,FAILED,,0.007914002999314107,,,,False,Combination violates rules,,,c38f8fbe-7485-42eb-9c97-c6611574ca05
small_devices_lidar_150_33,FAILED,,0.007941432006191462,,,,False,Combination violates rules,,,6f65140b-e504-455d-8e3c-ee942ebb95fe
small_devices_lidar_150_34,FAILED,,0.007821219995093998,,,,False,Combination violates rules,,,90046394-242b-4767-9ea1-81e647cc4b96
small_devices_lidar_150_35,FAILED,,0.00796027199976379,,,,False,Combination violates rules,,,89fb05c5-a246-465b-b86a-37b4451e5ce0
small_devices_lidar_150_36,FAILED,,0.008245381999586243,,,,False,Combination violates rules,,,cc2df5c1-d6fb-416b-aa2c-515aa65784bc
small_devices_lidar_150_37,FAILED,,0.008037945000978652,,,,False,Combination violates rules,,,3d10a08d-9aba-4168-a888-18e20e6f0b6d
small_devices_lidar_150_38,FAILED,,0.007925322999653872,,,,False,Combination violates rules,,,655c2d3c-be7b-4f18-8fde-3210c8e4b105
small_devices_lidar_150_39,FAILED,,0.008269514997664373,,,,False,Combination violates rules,,,81d420b8-9eae-464d-9126-51b3a2e9d346
small_devices_lidar_150_40,FAILED,,0.008297050997498445,,,,False,Combination violates rules,,,837b1af4-971c-4c8f-b391-7f1a361497ee
small_devices_lidar_150_41,FAILED,,0.008366640999156516,,,,False,Combination violates rules,,,1680ea00-93c6-4ae0-aea1-8f92e88477ae
small_devices_lidar_150_42,FAILED,,0.008815829998638947,,,,False,Combination violates rules,,,2025759b-bf24-4dc9-9820-3f0b0be362e6
small_devices_lidar_150_43,FAILED,,0.008725508996576536,,,,False,Combination violates rules,,,adfb3184-98c0-4fd8-a233-638eedc36ac8
small_devices_lidar_150_44,FAILED,,0.009082623997528572,,,,False,Combination violates rules,,,18d5ed3a-ad94-4a24-b339-82c18c9b2562
small_devices_lidar_150_45,FAILED,,0.008756811999774072,,,,False,Combination violates rules,,,c0bf1f5c-9a38-4dee-8125-e166c1307cd1
small_devices_lidar_150_46,FAILED,,0.008613186000729911,,,,False,Combination violates rules,,,8dd8f7f4-565e-4280-ad7c-1de17f244a95
small_devices_lidar_150_47,FAILED,,0.00858796000102302,,,,False,Combination violates rules,,,52aa5651-6fc0-4c67-a6b1-632024c167fb
small_devices_lidar_150_48,FAILED,,0.008347000999492593,,,,False,Combination violates rules,,,37d6d6a4-a0db-479e-94cf-d5c65f8c7575
small_devices_lidar_150_49,FAILED,,0.008314326994877774,,,,False,Combination violates rules,,,9abb68b7-efd7-4f47-9093-48b4e10cb764
small_devices_lidar_150_50,FAILED,,0.008262078001280315,,,,False,Combination violates rules,,,11eda99d-0c2b-406e-8170-1ae12209053c
small_devices_lidar_150_51,FAILED,,0.008584548995713703,,,,False,Requested features not provided,,,614e9d7d-5eb8-4a25-8c06-f75aca5b4feb
small_devices_lidar_150_52,FAILED,,0.008187193001504056,,,,False,Combination violates rules,,,d7fc001f-fa62-4aa9-ab8b-619e97e8513e
small_devices_lidar_150_53,FAILED,,0.00845311299781315,,,,False,Requested features not provided,,,19c049ef-4e57-4196-a578-984620900818
small_devices_lidar_150_54,FAILED,,0.0082103980021202,,,,False,Combination violates rules,,,8609bf84-ff14-4877-a459-53bda3f5876b
small_devices_lidar_150_55,FAILED,,0.008187493003788404,,,,False,Combination violates rules,,,1930ceec-952c-4d1b-b9ba-7be431997399
small_devices_lidar_150_56,FAILED,,0.007862569997087121,,,,False,Combination violates rules,,,c2a44290-60b7-42f9-83fd-93210cf5a764
small_devices_lidar_150_57,FAILED,,0.00803810999786947,,,,False,Combination violates rules,,,06793e7b-389f-4a6f-8943-6030fa62a0a9
small_devices_lidar_150_58,FAILED,,0.007849796995287761,,,,False,Not sufficient Resources,,,7d5c6d44-9fc2-4f59-b020-b6b3086c9719
small_devices_lidar_150_59,FAILED,,0.007894716996815987,,,,False,Not sufficient Resources,,,605bf74f-4751-4034-a15e-559c9dc549d3
small_devices_lidar_150_60,FAILED,,0.008660252999106888,,,,False,Combination violates rules,,,fa0ef05e-155c-430d-bd2b-c8a3abbdb787
small_devices_lidar_150_61,FAILED,,0.008807303995126858,,,,False,Not sufficient Resources,,,ba741f8b-edce-492e-8f16-dff7e3b0320c
small_devices_lidar_150_62,FAILED,,0.010058050000225194,,,,False,Combination violates rules,,,2c8a47a9-d2cb-4eab-a366-1300b84aad7c
small_devices_lidar_150_63,FAILED,,0.01072444100282155,,,,False,Requested features not provided,,,f0dba84b-43b4-49cc-82dd-ce3c9d7ffb16
small_devices_lidar_150_64,FAILED,,0.011999925998679828,,,,False,Combination violates rules,,,f992b8c8-dfe1-43e5-b7e6-1848f52d102d
small_devices_lidar_150_65,FAILED,,0.012505935999797657,,,,False,Combination violates rules,,,6eef7a58-77d1-444b-91dc-f87abef98d99
small_devices_lidar_150_66,FAILED,,0.012141992003307678,,,,False,Combination violates rules,,,43f54e27-e0a8-4c1e-8dee-8953ea16283e
small_devices_lidar_150_67,COMPLETED,"['TELSTRA_9001989', 'TELSTRA_570473', 'TELSTRA_502093', 'TELSTRA_50593', 'TELSTRA_9020392']",0.010369069001171738,,,377.30899999999997,True,,"['NETWORK_NODE', 'DATA_CENTER', 'SENSOR', 'CAMERA', 'CAMERA']",,64b53029-38fc-442c-bb6a-fb5e6b02f62d
small_devices_lidar_150_68,FAILED,,0.013374982998357154,,,,False,Not sufficient Resources,,,5dc78b83-a437-4a1d-9cf8-d23712dd7c3d
small_devices_lidar_150_69,FAILED,,0.012511346001701895,,,,False,Combination violates rules,,,b9ecddcd-cc83-4021-bc08-feb63ccef1fb
small_devices_lidar_150_70,FAILED,,0.01382463699701475,,,,False,Combination violates rules,,,43c24ec3-89d6-4f23-ba08-a76350ece5b2
small_devices_lidar_150_71,FAILED,,0.013622740996652283,,,,False,Combination violates rules,,,3bd58b46-a987-4b11-bceb-3e029511e3da
small_devices_lidar_150_72,FAILED,,0.013571954004873987,,,,False,Combination violates rules,,,b60987d5-19c3-4c74-bbb2-74ea4bff3e59
small_devices_lidar_150_73,FAILED,,0.013551493997510988,,,,False,Combination violates rules,,,5c180844-30ab-41c9-a887-e50fda146da6
small_devices_lidar_150_74,FAILED,,0.013485923002008349,,,,False,Combination violates rules,,,6caae17c-9f2a-4608-8544-cfe4ea42e099
small_devices_lidar_150_75,FAILED,,0.01449510600650683,,,,False,Requested features not provided,,,fde2ac0b-68c3-49fd-81fa-dce919894e21
small_devices_lidar_150_76,FAILED,,0.013552342003094964,,,,False,Combination violates rules,,,0775e10e-f1c9-410e-b4b0-d963fe84dd27
small_devices_lidar_150_77,FAILED,,0.013363332996959798,,,,False,Combination violates rules,,,53bd9de1-f4db-4dd7-8ccb-4e421c4d505f
small_devices_lidar_150_78,FAILED,,0.01279259599687066,,,,False,Requested features not provided,,,384beda4-53f4-4f7c-ad36-dd477df1eb7c
small_devices_lidar_150_79,FAILED,,0.012741471000481397,,,,False,Combination violates rules,,,50376cbc-0ad0-438f-bd2a-3e84236253bf
small_devices_lidar_150_80,FAILED,,0.01218646600318607,,,,False,Combination violates rules,,,9d7acabd-a311-4b01-af9d-4b08b183b1b7
small_devices_lidar_150_81,FAILED,,0.012664127003517933,,,,False,Combination violates rules,,,3b5085bb-b30f-4042-a644-67030490db3a
small_devices_lidar_150_82,FAILED,,0.012921339002787136,,,,False,Combination violates rules,,,5bc4e7b6-6577-4f53-b32d-ef35f4cf4bfc
small_devices_lidar_150_83,FAILED,,0.013256108002678957,,,,False,Combination violates rules,,,e9b9d08d-c7cb-4017-98a3-c1ed42bd4e48
small_devices_lidar_150_84,FAILED,,0.012756049996824004,,,,False,Combination violates rules,,,d8a46efa-a265-404a-af29-60837e9abdaf
small_devices_lidar_150_85,FAILED,,0.012807471000996884,,,,False,Combination violates rules,,,171a5d67-28c5-448f-8d73-efbd52cbf3aa
small_devices_lidar_150_86,FAILED,,0.013389917003223673,,,,False,Requested features not provided,,,eba9c36e-daa3-482c-871c-0c2380fdae25
small_devices_lidar_150_87,FAILED,,0.013217911997344345,,,,False,Combination violates rules,,,5014502e-4773-4218-b716-e2fb6f2a186d
small_devices_lidar_150_88,COMPLETED,"['TELSTRA_9001989', 'TELSTRA_570473', 'TELSTRA_502093', 'TELSTRA_50593', 'TELSTRA_9020392']",0.010535225999774411,,,377.30899999999997,True,,"['NETWORK_NODE', 'DATA_CENTER', 'SENSOR', 'CAMERA', 'CAMERA']",,a2a99a20-a898-4cbd-b78d-8d4d62661f94
